,time,weight
0,0.054377,5.46552963256836
1,0.06579,5.459793758392334
2,0.077202,5.445891094207764
3,0.088614,5.424259853363037
4,0.100027,5.373219680786133
5,0.11144,5.350956153869629
6,0.122854,5.36286563873291
7,0.134268,5.387170505523682
8,0.145681,5.438988399505615
9,0.157094,5.514333915710449
10,0.16851,5.611310195922852
11,0.179926,5.720974159240723
12,0.191343,5.834769916534424
13,0.202759,5.9375307083129885
14,0.214175,6.046222400665283
15,0.237008,6.213294219970703
16,0.248424,6.263313961029053
17,0.259841,6.293306064605713
18,0.271257,6.282466125488281
19,0.282674,6.280424308776856
20,0.29409,6.2716748237609865
21,0.305507,6.2801329612731935
22,0.316923,6.323735904693604
23,0.328341,6.434955310821533
24,0.339758,6.508161735534668
25,0.351175,6.500821304321289
26,0.362593,6.482933235168457
27,0.374011,6.472336006164551
28,0.385429,6.480356884002686
29,0.396846,6.483710956573487
30,0.419681,6.476565074920655
31,0.431097,6.491877269744873
32,0.442515,6.4918286323547365
33,0.453934,6.49192590713501
34,0.46535,6.475106906890869
35,0.476768,6.454204750061035
36,0.488185,6.480891418457031
37,0.499602,6.5178834915161135
38,0.51102,6.509182167053223
39,0.522438,6.49712724685669
40,0.533855,6.499994945526123
41,0.545274,6.50524492263794
42,0.556692,6.5029603958129885
43,0.568111,6.476905536651612
44,0.579531,6.46071834564209
45,0.602367,6.527508449554444
46,0.613787,6.545056533813477
47,0.625208,6.546660614013672
48,0.636629,6.56965274810791
49,0.648048,6.571208667755127
50,0.659467,6.56766004562378
51,0.670886,6.577527713775635
52,0.682305,6.604749393463135
53,0.693724,6.636491489410401
54,0.705143,6.67153902053833
55,0.716563,6.688358020782471
56,0.727981,6.68101806640625
57,0.7394,6.666969966888428
58,0.750819,6.652921390533447
59,0.762238,6.655935478210449
60,0.785077,6.68636531829834
61,0.796496,6.698809337615967
62,0.807915,6.6983716011047365
63,0.819334,6.700559329986572
64,0.830755,6.716794681549072
65,0.842173,6.729385089874268
66,0.853592,6.730648708343506
67,0.86501,6.751016330718994
68,0.876428,6.752425861358643
69,0.887847,6.739690017700196
70,0.899267,6.746204090118408
71,0.910686,6.7552940368652346
72,0.922105,6.752037239074707
73,0.933524,6.755488109588623
74,0.944943,6.758599472045899
75,0.96778,6.904574584960938
76,0.979199,6.974718761444092
77,0.990619,6.987551403045655
78,1.002038,6.981864166259766
79,1.013458,6.962128829956055
80,1.024878,6.964461994171143
81,1.036296,6.980065536499024
82,1.047715,6.9737951278686525
83,1.059135,6.985655975341797
84,1.070553,7.007627677917481
85,1.081973,7.015502166748047
86,1.093392,7.028432559967041
87,1.104811,7.029890727996826
88,1.116231,7.035626602172852
89,1.12765,7.038883399963379
90,1.15049,7.0556056022644045
91,1.161909,7.060806465148926
92,1.173329,7.080347728729248
93,1.18475,7.114228916168213
94,1.19617,7.125117492675781
95,1.207589,7.133624267578125
96,1.21901,7.138873767852783
97,1.23043,7.1352283477783205
98,1.241849,7.141256046295166
99,1.253269,7.165463638305664
100,1.264688,7.180727195739746
101,1.276108,7.1918103218078615
102,1.287527,7.224524688720703
103,1.298946,7.267689895629883
104,1.310365,7.302883338928223
105,1.333206,7.337834072113037
106,1.344626,7.356062602996826
107,1.356045,7.375944328308106
108,1.367466,7.408269596099854
109,1.378886,7.437824440002442
110,1.390305,7.459990692138672
111,1.401723,7.499801826477051
112,1.413141,7.516718101501465
113,1.424558,7.521287631988526
114,1.435974,7.533926200866699
115,1.447391,7.5440370559692385
116,1.458808,7.531301212310791
117,1.470226,7.538981628417969
118,1.481643,7.569508266448975
119,1.493059,7.5848204612731935
120,1.515895,7.58593864440918
121,1.527316,7.5747096061706545
122,1.538738,7.576702785491943
123,1.550158,7.591188144683838
124,1.561577,7.591820430755615
125,1.572997,7.599938106536865
126,1.584416,7.616513919830322
127,1.595837,7.623902988433838
128,1.607256,7.605673980712891
129,1.618676,7.596973133087158
130,1.630095,7.594882678985596
131,1.641515,7.592598152160645
132,1.652935,7.593229961395264
133,1.664354,7.601396274566651
134,1.675773,7.602709007263184
135,1.698612,7.591334056854248
136,1.710031,7.591820430755615
137,1.721452,7.59298677444458
138,1.732872,7.583362293243408
139,1.744291,7.588466358184815
140,1.75571,7.604556274414063
141,1.76713,7.604750347137451
142,1.778549,7.610097599029541
143,1.78997,7.616611194610596
144,1.801389,7.6282774925231935
145,1.812808,7.640770626068115
146,1.824228,7.639263343811035
147,1.835647,7.635423374176026
148,1.847067,7.629590225219727
149,1.858486,7.622687530517578
150,1.881328,7.640527439117432
151,1.892746,7.648013305664063
152,1.904165,7.657978248596192
153,1.915586,7.749802303314209
154,1.927003,7.8535840034484865
155,1.938419,7.858056259155274
156,1.949836,7.8628684997558596
157,1.961252,7.8603894233703615
158,1.972668,7.8794934272766115
159,1.984085,7.881632041931152
160,1.995502,7.861021709442139
161,2.006919,7.825827789306641
162,2.018338,7.805412006378174
163,2.029756,7.7976829528808596
164,2.041175,7.791023445129395
165,2.064014,7.7726490020751955
166,2.075433,7.764579486846924
167,2.086852,7.763218593597412
168,2.098272,7.738378715515137
169,2.109693,7.712712955474854
170,2.121112,7.695748043060303
171,2.132532,7.702504825592041
172,2.143952,7.718497467041016
173,2.155371,7.728025150299072
174,2.17821,7.718789291381836
175,2.189629,7.737941455841065
176,2.201048,7.741878700256348
177,2.212468,7.735073280334473
178,2.223888,7.733663749694824
179,2.235307,7.746594142913818
180,2.258146,7.747469139099121
181,2.269565,7.743045520782471
182,2.280984,7.741878700256348
183,2.292403,7.755440902709961
184,2.303823,7.758940887451172
185,2.315242,7.792530250549317
186,2.326661,7.847556781768799
187,2.33808,7.866563034057617
188,2.349499,7.872444820404053
189,2.360919,7.8671948432922365
190,2.37234,7.8675353050231935
191,2.38376,7.889944267272949
192,2.39518,7.917214584350586
193,2.406599,7.931214046478272
194,2.418019,7.937339019775391
195,2.440858,7.915610504150391
196,2.452277,7.896701049804688
197,2.463697,7.892471981048584
198,2.475117,7.891256999969483
199,2.486537,7.888388824462891
200,2.497957,7.879638862609863
201,2.509376,7.876382064819336
202,2.520795,7.870646190643311
203,2.532214,7.851494026184082
204,2.543633,7.846875858306885
205,2.555052,7.843327713012695
206,2.566473,7.834918212890625
207,2.577892,7.825585079193115
208,2.589311,7.801328849792481
209,2.600731,7.766864490509033
210,2.62357,7.733177852630615
211,2.634988,7.720247459411621
212,2.646408,7.705470275878906
213,2.657827,7.689768981933594
214,2.669246,7.666144561767578
215,2.680666,7.6402356147766115
216,2.692084,7.627840232849121
217,2.703505,7.625847053527832
218,2.714926,7.623125267028809
219,2.726345,7.610972595214844
220,2.737767,7.5964381217956545
221,2.749187,7.585306358337402
222,2.760607,7.577771854400635
223,2.772027,7.56406421661377
224,2.783447,7.558376979827881
225,2.806288,7.55336971282959
226,2.817707,7.559251499176026
227,2.829126,7.560321044921875
228,2.840547,7.554196071624756
229,2.851967,7.535384368896483
230,2.863387,7.528044414520264
231,2.874807,7.529308032989502
232,2.886226,7.521384906768799
233,2.897646,7.501405906677246
234,2.909065,7.48925371170044
235,2.920484,7.482059192657471
236,2.93196,7.462907028198242
237,2.943325,7.463344764709473
238,2.954745,7.457851600646973
239,2.966165,7.431894016265869
240,2.989004,7.389797878265381
241,3.000425,7.383964729309082
242,3.011844,7.396311473846436
243,3.023264,7.41308183670044
244,3.034684,7.416290473937988
245,3.046104,7.401464176177979
246,3.057523,7.394416046142578
247,3.068944,7.388145160675049
248,3.080363,7.369965267181397
249,3.091783,7.352416706085205
250,3.103203,7.365541648864746
251,3.114622,7.375409317016602
252,3.126041,7.381728839874268
253,3.137461,7.380902481079102
254,3.14888,7.3809511184692385
255,3.17172,7.331417274475098
256,3.183139,7.325924587249756
257,3.194559,7.319265079498291
258,3.205977,7.323153686523438
259,3.217397,7.31698055267334
260,3.228817,7.310661029815674
261,3.240236,7.309056949615479
262,3.251657,7.300550174713135
263,3.263076,7.29359884262085
264,3.274496,7.279696655273438
265,3.285916,7.258940410614014
266,3.297335,7.252426338195801
267,3.308755,7.269488525390625
268,3.320175,7.284946632385254
269,3.331595,7.27201623916626
270,3.354435,7.241829586029053
271,3.365854,7.22855920791626
272,3.377274,7.221559238433838
273,3.388694,7.213441562652588
274,3.400113,7.216406536102295
275,3.411533,7.217232894897461
276,3.422953,7.206976127624512
277,3.434372,7.198663902282715
278,3.445793,7.197303009033203
279,3.457212,7.186171245574951
280,3.468633,7.1806785583496096
281,3.480052,7.172706317901612
282,3.491473,7.159192752838135
283,3.502893,7.149714183807373
284,3.514313,7.135179710388184
285,3.537154,7.116562080383301
286,3.548573,7.095368099212647
287,3.559993,7.086958599090576
288,3.571414,7.070577335357666
289,3.582833,7.069410514831543
290,3.594253,7.055313777923584
291,3.605673,7.04773063659668
292,3.617093,7.063626003265381
293,3.628513,7.075049114227295
294,3.639933,7.056577396392822
295,3.651353,7.028432559967041
296,3.662772,7.023133945465088
297,3.674191,7.010009479522705
298,3.68561,7.000870895385742
299,3.69703,7.00334997177124
300,3.71987,7.000773620605469
301,3.731289,6.989933681488037
302,3.742708,6.984294605255127
303,3.754127,6.990857315063477
304,3.765547,6.993093204498291
305,3.776967,7.006169033050537
306,3.788386,7.014627170562744
307,3.799807,7.013169002532959
308,3.811226,7.014821720123291
309,3.822702,7.010981750488281
310,3.834068,7.006801319122315
311,3.845487,6.999460887908936
312,3.856906,6.995815467834473
313,3.868326,7.011370372772217
314,3.879746,7.009231758117676
315,3.902585,7.021043968200684
316,3.914005,7.018613529205322
317,3.925427,7.012439918518067
318,3.936848,7.01224536895752
319,3.948267,7.030425262451172
320,3.959688,7.039077949523926
321,3.971107,7.04374475479126
322,3.982528,7.036939334869385
323,3.993949,7.0338279724121096
324,4.005368,7.024981212615967
325,4.016788,7.023328495025635
326,4.028208,7.025613021850586
327,4.039628,7.0321752548217775
328,4.051048,7.036404323577881
329,4.062467,7.0180785179138185
330,4.085307,7.012488555908203
331,4.096727,7.006023120880127
332,4.108146,7.0028149604797365
333,4.119566,6.99494047164917
334,4.130985,6.999655437469483
335,4.142405,7.003398609161377
336,4.153825,7.014724445343018
337,4.165244,7.024154853820801
338,4.176664,7.029453468322754
339,4.188084,7.027897548675537
340,4.199504,7.031883907318115
341,4.210924,7.021238040924072
342,4.222344,7.001405429840088
343,4.233764,6.986433696746826
344,4.245184,6.983614158630371
345,4.268025,6.982350540161133
346,4.279446,6.977537822723389
347,4.290866,6.971753311157227
348,4.302287,6.966114711761475
349,4.313708,6.958774757385254
350,4.325128,6.937386226654053
351,4.336549,6.907636833190918
352,4.347968,6.899227333068848
353,4.359388,6.886831951141358
354,4.370808,6.875117015838623
355,4.382229,6.877742004394531
356,4.393648,6.88833875656128
357,4.405068,6.899081897735596
358,4.416489,6.878422451019287
359,4.427911,6.865054798126221
360,4.450753,6.844493103027344
361,4.462172,6.828889083862305
362,4.473593,6.822861385345459
363,4.485013,6.807501029968262
364,4.496434,6.786938858032227
365,4.507854,6.764821243286133
366,4.519274,6.755925846099854
367,4.530696,6.74634952545166
368,4.542115,6.7472731590271
369,4.553536,6.743044090270996
370,4.564956,6.730356884002686
371,4.576376,6.7081911087036135
372,4.587796,6.692781639099121
373,4.599217,6.678733539581299
374,4.610638,6.665997695922852
375,4.63348,6.655352306365967
376,4.6449,6.647088241577149
377,4.656323,6.633623313903809
378,4.667742,6.623123836517334
379,4.679163,6.629102897644043
380,4.690583,6.633963775634766
381,4.702003,6.626575183868408
382,4.713424,6.634595584869385
383,4.724845,6.635956954956055
384,4.736266,6.6195752143859865
385,4.747686,6.608298015594483
386,4.759107,6.600082588195801
387,4.770527,6.586520385742188
388,4.781947,6.576604080200196
389,4.793366,6.58404130935669
390,4.816208,6.563285064697266
391,4.827627,6.573736381530762
392,4.839049,6.572861385345459
393,4.85047,6.562410068511963
394,4.86189,6.555507373809815
395,4.87331,6.550841045379639
396,4.88473,6.560757350921631
397,4.89615,6.561000537872315
398,4.907572,6.556771469116211
399,4.918992,6.559347820281983
400,4.930412,6.554924201965332
401,4.941832,6.554000568389893
402,4.953251,6.541507911682129
403,4.964671,6.546660614013672
404,4.976093,6.541848373413086
405,4.998934,6.53032751083374
406,5.010354,6.538494300842285
407,5.021774,6.548167419433594
408,5.033194,6.55740327835083
409,5.044615,6.559250545501709
410,5.056035,6.553660583496094
411,5.067455,6.549382877349854
412,5.078875,6.540973377227783
413,5.090295,6.537959289550781
414,5.101717,6.528966617584229
415,5.113136,6.53645248413086
416,5.124557,6.545591068267822
417,5.135977,6.553222846984864
418,5.147397,6.564208698272705
419,5.158815,6.560514163970947
420,5.181651,6.549382877349854
421,5.193071,6.550451946258545
422,5.204492,6.5540492057800295
423,5.215912,6.561000537872315
424,5.227333,6.564597797393799
425,5.238755,6.56260461807251
426,5.250175,6.550500583648682
427,5.261595,6.5467578887939455
428,5.273016,6.553757381439209
429,5.284436,6.543986988067627
430,5.295857,6.540098381042481
431,5.307276,6.542285633087158
432,5.318697,6.542771530151367
433,5.330117,6.551764678955078
434,5.341537,6.55283374786377
435,5.364379,6.561778259277344
436,5.375799,6.538591098785401
437,5.387219,6.529598426818848
438,5.398641,6.542528820037842
439,5.410062,6.53552885055542
440,5.421485,6.5424315452575685
441,5.432905,6.533244323730469
442,5.444325,6.52619571685791
443,5.455745,6.525612545013428
444,5.467165,6.510640811920166
445,5.478585,6.498390865325928
446,5.490006,6.493335437774658
447,5.501428,6.486627292633057
448,5.512848,6.474085998535156
449,5.524268,6.464655590057373
450,5.54711,6.454447937011719
451,5.558529,6.430968952178955
452,5.56995,6.426983070373535
453,5.581371,6.42567081451416
454,5.592791,6.431309413909912
455,5.604212,6.443462085723877
456,5.615633,6.445163440704346
457,5.627052,6.440204811096192
458,5.638472,6.44419116973877
459,5.649893,6.449537944793701
460,5.661313,6.457996082305908
461,5.672734,6.469176483154297
462,5.684154,6.466454219818115
463,5.695575,6.480502796173096
464,5.706996,6.494356346130371
465,5.729836,6.487356376647949
466,5.741257,6.502571296691895
467,5.752676,6.506605815887451
468,5.764096,6.496495437622071
469,5.775516,6.496446800231934
470,5.786936,6.496640872955322
471,5.798356,6.499606323242188
472,5.809776,6.503981304168701
473,5.821196,6.502182674407959
474,5.832615,6.507286739349365
475,5.844035,6.51394624710083
476,5.855455,6.525563907623291
477,5.866875,6.528237533569336
478,5.878294,6.52697343826294
479,5.889715,6.524980735778809
480,5.912556,6.527216625213623
481,5.923975,6.527702522277832
482,5.935397,6.527070713043213
483,5.946816,6.542334270477295
484,5.958235,6.543111991882324
485,5.969656,6.525709819793701
486,5.981076,6.518563938140869
487,5.992497,6.5233766555786135
488,6.003916,6.5260498046875
489,6.015337,6.508550357818604
490,6.026757,6.5037867546081545
491,6.038178,6.495231342315674
492,6.049598,6.502571296691895
493,6.061017,6.5037867546081545
494,6.072439,6.493821811676026
495,6.09528,6.493529987335205
496,6.106701,6.501064491271973
497,6.11812,6.493967723846436
498,6.129541,6.490759086608887
499,6.14096,6.485558223724365
500,6.152377,6.478801441192627
501,6.163794,6.4760791778564455
502,6.175212,6.468690586090088
503,6.186633,6.473988723754883
504,6.198052,6.476030540466309
505,6.209472,6.470975112915039
506,6.220891,6.473648738861084
507,6.232311,6.484342765808106
508,6.24373,6.488280010223389
509,6.25515,6.481425952911377
510,6.277991,6.472773742675781
511,6.289411,6.465871047973633
512,6.300831,6.472919654846192
513,6.312252,6.490078639984131
514,6.323673,6.48750228881836
515,6.335093,6.487891387939453
516,6.346513,6.477780532836914
517,6.357935,6.471947383880615
518,6.369355,6.471947383880615
519,6.380776,6.470246028900147
520,6.392195,6.479870510101319
521,6.403615,6.488134098052979
522,6.415035,6.479190063476563
523,6.426455,6.468544673919678
524,6.437875,6.482933235168457
525,6.460715,6.483175945281983
526,6.472134,6.484585952758789
527,6.483554,6.484440040588379
528,6.494974,6.482835960388184
529,6.506395,6.481134605407715
530,6.517815,6.493140888214112
531,6.529234,6.495328617095947
532,6.540654,6.502668571472168
533,6.552072,6.509814453125
534,6.563489,6.518369388580322
535,6.574907,6.510689449310303
536,6.586327,6.510932159423828
537,6.597746,6.517057132720947
538,6.609167,6.521432113647461
539,6.620586,6.542966079711914
540,6.643428,6.535869312286377
541,6.654847,6.535772037506104
542,6.666267,6.547195148468018
543,6.677686,6.54058427810669
544,6.689108,6.54379243850708
545,6.700531,6.54870195388794
546,6.711951,6.546611976623535
547,6.723371,6.559445095062256
548,6.734791,6.560562801361084
549,6.746212,6.5689723014831545
550,6.757633,6.56644458770752
551,6.769054,6.548556518554688
552,6.780473,6.548605155944824
553,6.791894,6.552299213409424
554,6.803314,6.559299182891846
555,6.826155,6.57072229385376
556,6.837574,6.573152732849121
557,6.848995,6.568048667907715
558,6.860415,6.552736949920655
559,6.871835,6.553368759155274
560,6.883256,6.549576950073242
561,6.894677,6.537327480316162
562,6.906096,6.547341060638428
563,6.917516,6.561437797546387
564,6.928936,6.601686668395996
565,6.940357,6.621908378601074
566,6.951774,6.635033321380615
567,6.963192,6.636491489410401
568,6.974609,6.622394752502442
569,6.986026,6.628956985473633
0,127.040431,2.896111440658569
1,127.051853,2.9762205600738527
2,127.063273,3.057107162475586
3,127.074695,3.158847522735596
4,127.086117,3.262386512756348
5,127.097538,3.3723904609680178
6,127.108958,3.509616088867188
7,127.120379,3.613446664810181
8,127.131799,3.695451450347901
9,127.14322,3.7579636096954343
10,127.154641,3.800399971008301
11,127.166062,3.8645164489746096
12,127.177482,3.914924812316895
13,127.188902,3.9563889026641847
14,127.200323,3.9992143630981447
15,127.223166,4.053219509124756
16,127.23458600000001,4.068580341339112
17,127.246009,4.084232997894287
18,127.25743,4.125113677978516
19,127.26885300000001,4.165265274047852
20,127.280275,4.2039587020874025
21,127.291697,4.2235486030578615
22,127.303119,4.238812160491944
23,127.31454,4.269047451019287
24,127.325961,4.287907791137696
25,127.337382,4.2885887145996096
26,127.348804,4.315858554840088
27,127.360225,4.335643005371094
28,127.371647,4.358003330230713
29,127.383068,4.380606842041016
30,127.405912,4.505534362792969
31,127.417334,4.585108470916748
32,127.42875599999999,4.67090482711792
33,127.440179,4.7288963317871096
34,127.4516,4.761076164245606
35,127.463021,4.785575103759766
36,127.474442,4.824706268310547
37,127.485862,4.853191566467285
38,127.497284,4.880850505828858
39,127.508705,4.908460807800293
40,127.52012500000001,4.950313758850098
41,127.531546,5.0006739616394045
42,127.542967,5.039901924133301
43,127.554389,5.054241847991944
44,127.56581,5.068921756744385
45,127.588653,5.099935245513916
46,127.600073,5.105768394470215
47,127.611494,5.104942035675049
48,127.622913,5.103726577758789
49,127.634339,5.1262328147888185
50,127.64576,5.139260482788086
51,127.65718,5.153891754150391
52,127.66860199999999,5.158023548126221
53,127.680023,5.186654758453369
54,127.691445,5.204494667053223
55,127.702866,5.198369693756104
56,127.714287,5.217327785491944
57,127.725707,5.245569896697998
58,127.737128,5.255923938751221
59,127.748549,5.278819274902344
60,127.771392,5.346727085113526
61,127.782812,5.375698757171631
62,127.794234,5.399906349182129
63,127.805655,5.427711200714112
64,127.817077,5.44686336517334
65,127.828498,5.468008708953858
66,127.839919,5.4920703887939455
67,127.85134,5.522937488555908
68,127.862762,5.550888252258301
69,127.874184,5.565957260131836
70,127.885607,5.589776229858399
71,127.897028,5.596241188049317
72,127.908449,5.622831058502197
73,127.91987,5.652531337738037
74,127.931291,5.656031322479248
75,127.954134,5.683447551727295
76,127.965554,5.702988338470459
77,127.976975,5.6968152046203615
78,127.988396,5.708432865142822
79,127.999816,5.712126922607422
80,128.011238,5.716745090484619
81,128.022661,5.733223628997803
82,128.034082,5.748389911651612
83,128.045504,5.7780906677246096
84,128.056925,5.793013763427735
85,128.068346,5.798846912384033
86,128.079769,5.807061862945557
87,128.09118899999999,5.825534057617188
88,128.10261,5.84342212677002
89,128.114031,5.860581588745117
90,128.136875,5.902823638916016
91,128.148295,5.920031261444092
92,128.159716,5.932864379882813
93,128.171137,5.950752925872803
94,128.182558,5.976272773742676
95,128.193979,5.99304313659668
96,128.205401,5.992411327362061
97,128.216821,5.998049926757813
98,128.228242,6.013264846801758
99,128.239663,6.033049297332764
100,128.251084,6.043160152435303
101,128.262505,6.041750144958496
102,128.273925,6.062895488739014
103,128.285345,6.075485420227051
104,128.296766,6.074707698822022
105,128.319608,6.073589515686035
106,128.33103,6.080006313323975
107,128.34244999999999,6.08267993927002
108,128.353871,6.09108943939209
109,128.365293,6.104165267944336
110,128.376714,6.112623405456543
111,128.388223,6.12229700088501
112,128.399556,6.1183592796325685
113,128.410977,6.126866054534912
114,128.422397,6.1384350776672365
115,128.433818,6.156226348876953
116,128.44523900000002,6.166920375823975
117,128.456662,6.176108074188233
118,128.468083,6.180628490447998
119,128.479504,6.185343933105469
120,128.502345,6.204106998443604
121,128.513766,6.233710479736328
122,128.525188,6.246397686004639
123,128.536607,6.26258487701416
124,128.548028,6.279112052917481
125,128.559448,6.30681962966919
126,128.57087,6.335985374450684
127,128.582291,6.3597557067871096
128,128.593712,6.373609733581543
129,128.605134,6.383963298797608
130,128.616555,6.40335865020752
131,128.627978,6.41604585647583
132,128.639399,6.425135803222656
133,128.65082,6.445649337768555
134,128.662243,6.4589683532714846
135,128.685087,6.493092727661133
136,128.696506,6.509911727905274
137,128.708019,6.535431575775147
138,128.719348,6.551278305053711
139,128.730769,6.559055995941162
140,128.74219,6.579034519195557
141,128.753611,6.608249378204346
142,128.765032,6.643491458892822
143,128.776454,6.675428104400635
144,128.78787499999999,6.692684364318848
145,128.799295,6.68636531829834
146,128.810718,6.661476802825928
147,128.82214,6.636248302459717
148,128.833563,6.641887378692627
149,128.844984,6.655838203430176
150,128.867828,6.676303100585938
151,128.879249,6.688941669464112
152,128.890671,6.671976757049561
153,128.902093,6.650102329254151
154,128.913515,6.647914600372315
155,128.924938,6.660747718811035
156,128.936361,6.683059883117676
157,128.947783,6.697837066650391
158,128.959204,6.717232418060303
159,128.970627,6.739106845855713
160,128.982048,6.7435791015625
161,128.99347,6.734440040588379
162,129.004893,6.709649276733399
163,129.016314,6.676205825805664
164,129.027736,6.669546318054199
165,129.05058,6.686851215362549
166,129.062001,6.704788398742676
167,129.073422,6.715190601348877
168,129.084844,6.713100624084473
169,129.096267,6.715822887420655
170,129.107688,6.726225090026856
171,129.119109,6.7310378074646
172,129.130531,6.744648170471192
173,129.141952,6.765696239471436
174,129.15337399999999,6.790924739837647
175,129.164796,6.794278812408447
176,129.176217,6.784945678710938
177,129.187639,6.795494270324707
178,129.19906,6.8107091903686525
179,129.210483,6.800938320159912
180,129.233326,6.783682060241699
181,129.244749,6.763654899597168
182,129.256172,6.75125904083252
183,129.267593,6.761467170715332
184,129.279016,6.776973915100098
185,129.290437,6.793452453613281
186,129.301858,6.814840984344483
187,129.31328,6.826555919647217
188,129.324701,6.818632316589356
189,129.336123,6.808132839202881
190,129.347546,6.816736888885498
191,129.358967,6.814354610443115
192,129.370389,6.8166882514953615
193,129.381811,6.821305942535401
194,129.393233,6.813431453704834
195,129.416079,6.80847282409668
196,129.427501,6.792528820037842
197,129.438923,6.791897010803223
198,129.450346,6.802980136871338
199,129.461768,6.808521461486817
200,129.47319099999999,6.806285572052002
201,129.484612,6.807014656066895
202,129.496035,6.8150355339050295
203,129.507457,6.833312702178955
204,129.518879,6.847117614746094
205,129.530301,6.85329122543335
206,129.541723,6.854846668243408
207,129.553143,6.862138462066651
208,129.564565,6.876526546478272
209,129.575986,6.8891651153564455
210,129.610253,6.919157695770264
211,129.621675,6.896456909179688
212,129.633097,6.884547424316406
213,129.64452,6.887269687652588
214,129.655942,6.887415599822998
215,129.667365,6.893588733673096
216,129.678786,6.906178665161133
217,129.690208,6.900977325439453
218,129.70163,6.88756103515625
219,129.713052,6.867631149291992
220,129.724474,6.862527084350586
221,129.735896,6.872006130218506
222,129.747317,6.888971042633057
223,129.75874,6.900880527496338
224,129.770162,6.900005531311035
225,129.793006,6.886248779296875
226,129.804427,6.873610210418701
227,129.81584900000001,6.873124313354492
228,129.827272,6.88756103515625
229,129.838696,6.885811042785645
230,129.850118,6.868749332427979
231,129.861541,6.853388500213623
232,129.872963,6.842159461975098
233,129.884384,6.838027667999268
234,129.895806,6.833944511413574
235,129.907227,6.836083602905274
236,129.918649,6.831999969482422
237,129.930071,6.824174118041992
238,129.941493,6.832340431213379
239,129.952914,6.847506713867188
240,129.975759,6.867533874511719
241,129.987182,6.851103973388672
242,129.998603,6.840555381774903
243,130.01002499999998,6.835111331939697
244,130.021447,6.821257305145264
245,130.032869,6.811875534057617
246,130.044291,6.798167896270752
247,130.055713,6.805264663696289
248,130.067135,6.8123619079589846
249,130.078557,6.806382846832276
250,130.089979,6.797292900085449
251,130.101401,6.793744277954102
252,130.112824,6.778383445739746
253,130.124245,6.782126617431641
254,130.135667,6.793258380889893
255,130.158511,6.79116792678833
256,130.169932,6.766863059997559
257,130.181355,6.756217670440674
258,130.192776,6.733710956573487
259,130.204198,6.739058208465576
260,130.21562,6.74328727722168
261,130.227043,6.726905536651612
262,130.238466,6.711885166168213
263,130.249888,6.701142501831055
264,130.26131,6.67980260848999
265,130.272732,6.652678680419922
266,130.284156,6.639456462860108
267,130.295578,6.637901020050049
268,130.306999,6.63726921081543
269,130.318422,6.651463222503662
270,130.341266,6.679511260986328
271,130.352687,6.676934909820557
272,130.375532,6.63770694732666
273,130.386954,6.641206455230713
274,130.39837599999998,6.666775417327881
275,130.409799,6.682282161712647
276,130.421222,6.685344409942627
277,130.432644,6.706052017211914
278,130.444066,6.733127784729004
279,130.455488,6.756120395660401
280,130.466909,6.741585922241211
281,130.478331,6.734975051879883
282,130.489754,6.744308185577393
283,130.501178,6.763022613525391
284,130.5126,6.771043491363526
285,130.535447,6.778092098236084
286,130.54687,6.779161167144776
287,130.558294,6.77313346862793
288,130.569715,6.759036731719971
289,130.581137,6.76073808670044
290,130.592559,6.787667942047119
291,130.603981,6.797244262695313
292,130.615404,6.791557025909424
293,130.626827,6.80064697265625
294,130.63825,6.7967578887939455
295,130.649673,6.785334777832031
296,130.661096,6.77050895690918
297,130.672519,6.790098381042481
298,130.683941,6.812605094909668
299,130.695365,6.83034725189209
300,130.718211,6.831659984588623
301,130.729634,6.825097751617432
302,130.741057,6.828062725067139
303,130.75248,6.8332640647888185
304,130.763903,6.816493701934815
305,130.775326,6.803223323822022
306,130.786749,6.794716548919678
307,130.798172,6.796903800964356
308,130.809595,6.805070114135742
309,130.821018,6.806188297271729
310,130.83244,6.804049682617188
311,130.843863,6.788008403778076
312,130.855286,6.785334777832031
313,130.866708,6.776001644134522
314,130.87813,6.776439380645752
315,130.900974,6.7566062927246096
316,130.912396,6.736919593811035
317,130.923819,6.707413387298584
318,130.935242,6.696232986450196
319,130.946667,6.687483024597168
320,130.958088,6.673532199859619
321,130.96951,6.671879482269287
322,130.980932,6.661088180541992
323,130.992355,6.634206962585449
324,131.003778,6.632602882385254
325,131.015199,6.61938066482544
326,131.026621,6.616415691375733
327,131.038044,6.630755615234375
328,131.049466,6.630561065673828
329,131.060888,6.626672458648682
330,131.083734,6.602658939361572
331,131.095155,6.598187160491944
332,131.106578,6.5973608016967775
333,131.118,6.589777660369873
334,131.129423,6.5785972595214846
335,131.140846,6.586569023132324
336,131.152268,6.589631748199463
337,131.163691,6.596631240844727
338,131.175113,6.595804882049561
339,131.186536,6.593568992614746
340,131.19796,6.587784481048584
341,131.209382,6.567076873779297
342,131.220803,6.566250514984131
343,131.232226,6.593423080444336
344,131.243648,6.597263526916504
345,131.266493,6.628422451019287
346,131.277915,6.6548659324646
347,131.289337,6.663955879211426
348,131.300759,6.6676990509033205
349,131.312182,6.683011245727539
350,131.323605,6.693656635284424
351,131.335026,6.713683795928955
352,131.346449,6.737454128265381
353,131.357871,6.7489745140075685
354,131.369294,6.728801441192627
355,131.380717,6.709697914123535
356,131.392139,6.715190601348877
357,131.403561,6.711982440948487
358,131.414984,6.717232418060303
359,131.426405,6.726565551757813
360,131.449252,6.726565551757813
361,131.460675,6.729093265533447
362,131.472098,6.711885166168213
363,131.483521,6.706975650787354
364,131.494945,6.72019739151001
365,131.506368,6.738766384124756
366,131.517794,6.740467739105225
367,131.529217,6.739787292480469
368,131.54064,6.732106876373291
369,131.552063,6.738280487060547
370,131.563487,6.7549535751342775
371,131.57491,6.762488079071045
372,131.586333,6.771189403533936
373,131.597756,6.765258979797364
374,131.609179,6.765988063812256
375,131.632027,6.806480121612549
376,131.64345,6.838659954071045
377,131.654872,6.864033889770508
378,131.666295,6.871908855438233
379,131.677718,6.862041187286377
380,131.689141,6.827090454101563
381,131.70056399999999,6.785772037506104
382,131.711988,6.779647541046143
383,131.723411,6.805070114135742
384,131.734834,6.838999938964844
385,131.746257,6.845805358886719
386,131.757679,6.836569499969483
387,131.769103,6.812264633178711
388,131.780527,6.804681491851807
389,131.79194999999999,6.818292331695557
390,131.814796,6.836520862579346
391,131.826219,6.8677770614624025
392,131.837643,6.889748764038086
393,131.849065,6.900685977935791
394,131.860488,6.896505546569824
395,131.87191,6.9104077339172365
396,131.883333,6.920081329345703
397,131.894756,6.944240283966065
398,131.906178,6.96251745223999
399,131.917601,6.977100563049317
400,131.929024,6.98424596786499
401,131.940447,6.966260623931885
402,131.951867,6.966600608825684
403,131.963288,6.98546142578125
404,131.974708,7.005974960327149
405,131.99755,7.045883369445801
406,132.00897,7.076167297363281
407,132.02039,7.097020816802979
408,132.031811,7.11704797744751
409,132.043231,7.133478355407715
410,132.054651,7.135471534729004
411,132.066073,7.155498695373535
412,132.077494,7.161429119110108
413,132.088916,7.140866947174072
414,132.100337,7.12268705368042
415,132.111758,7.094395828247071
416,132.12318,7.051327896118164
417,132.134601,7.027314376831055
418,132.146021,7.0303771018981935
419,132.157442,7.054001045227051
420,132.180285,7.078451824188233
421,132.191706,7.076605033874512
422,132.203127,7.071111869812012
423,132.214549,7.073785495758057
424,132.225969,7.067757797241211
425,132.237391,7.04636926651001
426,132.248811,7.056577396392822
427,132.260232,7.080834102630615
428,132.271654,7.11719388961792
429,132.283076,7.133964252471924
430,132.294497,7.133866977691651
431,132.305918,7.126575660705567
432,132.31734,7.116416168212891
433,132.32876,7.118652534484864
434,132.340181,7.110194396972656
435,132.363022,7.175914478302002
436,132.37444299999999,7.195893478393555
437,132.385864,7.178588104248047
438,132.397285,7.152435970306397
439,132.408708,7.145679187774658
440,132.420129,7.146894645690918
441,132.43155,7.177956295013428
442,132.442972,7.210719299316406
443,132.454393,7.230406475067139
444,132.465815,7.239107322692871
445,132.477237,7.220052433013916
446,132.488658,7.1991016387939455
447,132.500079,7.189282608032227
448,132.5115,7.176011753082276
449,132.52292,7.175282669067383
450,132.545763,7.193511199951172
451,132.557183,7.217621994018555
452,132.568604,7.226711940765381
453,132.580024,7.221316051483154
454,132.591445,7.195164394378662
455,132.602866,7.169887256622315
456,132.614286,7.177081298828125
457,132.625707,7.214413833618164
458,132.637128,7.233225536346436
459,132.648548,7.247274112701416
460,132.659969,7.257336330413818
461,132.671387,7.261176300048828
462,132.682805,7.261127662658692
463,132.69422600000001,7.251454544067383
464,132.705646,7.259669494628906
465,132.728489,7.255780410766602
466,132.739907,7.247808647155762
467,132.751326,7.242072772979736
468,132.762744,7.257384967803955
469,132.774162,7.2565099716186525
470,132.785582,7.238475513458252
471,132.797003,7.222288322448731
472,132.808423,7.197254371643067
473,132.819843,7.181018543243408
474,132.831264,7.168769073486328
475,132.842684,7.169254970550537
476,132.854105,7.164394092559815
477,132.865527,7.158512306213379
478,132.876949,7.161915016174317
479,132.88837,7.169692707061768
480,132.911212,7.188698959350586
481,132.922634,7.194872570037842
482,132.934055,7.191761684417725
483,132.94547599999999,7.184081268310547
484,132.956899,7.184858989715576
485,132.968322,7.19215030670166
486,132.979746,7.210184764862061
487,132.991168,7.238378238677979
488,133.002591,7.241975498199463
489,133.014014,7.23667688369751
490,133.025437,7.230503273010254
491,133.03686,7.215337467193604
492,133.048283,7.21801061630249
493,133.059708,7.212517929077149
494,133.071131,7.209309768676758
495,133.093978,7.251114082336426
496,133.116824,7.254614067077637
497,133.128247,7.249898624420166
498,133.13967,7.243433666229248
499,133.151092,7.265259456634522
500,133.16251499999998,7.303709697723389
501,133.173939,7.314258289337158
502,133.185362,7.294377040863037
503,133.196784,7.263218116760254
504,133.208208,7.257870864868164
505,133.219632,7.263509464263916
506,133.231055,7.262197208404541
507,133.242478,7.275321674346924
508,133.253902,7.265162181854248
509,133.265326,7.235024166107178
510,133.288173,7.2417323112487795
511,133.299597,7.24644775390625
512,133.31101999999998,7.244308662414551
513,133.322444,7.22306604385376
514,133.333867,7.208240222930908
515,133.34529,7.206198406219483
516,133.356712,7.2173301696777346
517,133.368135,7.246739101409912
518,133.379557,7.257627677917481
519,133.390981,7.2369200706481935
520,133.402404,7.213927459716797
521,133.413827,7.211983394622803
522,133.42525,7.216990184783936
523,133.436674,7.236482334136963
524,133.448097,7.279162120819092
525,133.470944,7.356500339508057
526,133.482365,7.365201187133789
527,133.493789,7.383284282684326
528,133.505212,7.416825008392334
529,133.516635,7.454789352416992
530,133.52805899999998,7.476469230651856
531,133.539482,7.468983364105225
532,133.550906,7.413908195495606
533,133.562329,7.34804220199585
534,133.573751,7.324417781829834
535,133.585174,7.319848251342774
536,133.596597,7.32067461013794
537,133.60802,7.327188205718994
538,133.619443,7.3429381370544435
539,133.630867,7.333944988250733
540,133.653714,7.299529266357422
541,133.665137,7.303855609893799
542,133.676561,7.31576509475708
543,133.687985,7.314501476287842
544,133.699407,7.2909743309021
545,133.71083099999998,7.260349941253662
546,133.722254,7.226371479034424
547,133.733678,7.205274772644043
548,133.745102,7.189525318145752
549,133.756525,7.175671768188477
550,133.767948,7.164296817779541
551,133.779371,7.128277015686035
552,133.790795,7.113305282592774
553,133.802219,7.12147159576416
554,133.813643,7.1471864700317385
0,253.86804500000002,5.378371906280518
1,253.87946200000002,5.407051753997803
2,253.890879,5.454008769989014
3,253.902296,5.5499646186828615
4,253.91371600000002,5.642760944366455
5,253.925135,5.695211124420166
6,253.93655500000003,5.7454249382019045
7,253.947976,5.781542015075684
8,253.95939600000003,5.8233949661254885
9,253.970816,5.881094646453858
10,253.982236,5.967911911010742
11,253.99365600000002,6.096825313568115
12,254.005077,6.211933326721192
13,254.016498,6.290049266815186
14,254.027918,6.364859771728516
15,254.05076000000003,6.426545810699463
16,254.06218,6.435781669616699
17,254.07360100000002,6.423726272583008
18,254.085021,6.418136310577393
19,254.09644200000002,6.437434387207031
20,254.107863,6.457898807525635
21,254.11928300000002,6.474231910705567
22,254.130704,6.488182735443115
23,254.14212400000002,6.503592205047608
24,254.153545,6.536792945861817
25,254.16496500000002,6.565618228912354
26,254.176385,6.581610870361328
27,254.18780500000003,6.583652687072754
28,254.199226,6.593180370330811
29,254.21064700000002,6.606888008117676
30,254.23348800000002,6.61967248916626
31,254.244907,6.654963207244873
32,254.25632800000002,6.672122669219971
33,254.267749,6.696913433074951
34,254.27916900000002,6.716260147094727
35,254.290589,6.728072357177735
36,254.302008,6.747516345977783
37,254.31342800000002,6.784897041320801
38,254.324848,6.853485774993897
39,254.33626700000002,6.914004993438721
40,254.347686,6.94569845199585
41,254.359105,7.006363582611084
42,254.37052500000001,7.0466124534606935
43,254.381944,7.062799644470215
44,254.39336400000002,7.086521339416504
45,254.41620500000002,7.107666683197022
46,254.427624,7.113693904876709
47,254.43904300000003,7.138193321228028
48,254.45051,7.145873737335205
49,254.461883,7.16706771850586
50,254.47330300000002,7.189136695861817
51,254.484723,7.20683069229126
52,254.49614300000002,7.221024703979492
53,254.507562,7.248294544219971
54,254.51898300000002,7.269391250610352
55,254.530403,7.288786602020264
56,254.54182200000002,7.306772422790527
57,254.553242,7.336229991912842
58,254.56466200000003,7.353680801391602
59,254.57608100000002,7.386929702758789
60,254.59892200000002,7.438067626953125
61,254.610342,7.45269889831543
62,254.62176200000002,7.451192092895508
63,254.633182,7.468254280090332
64,254.644605,7.486920547485352
65,254.656025,7.496788215637207
66,254.66744400000002,7.530668926239014
67,254.678863,7.615979385375977
68,254.69028300000002,7.70464391708374
69,254.701703,7.740663719177246
70,254.71312300000002,7.753496360778809
71,254.724542,7.783731651306152
72,254.735961,7.811876964569092
73,254.74738100000002,7.836813640594483
74,254.758803,7.864132595062256
75,254.781643,7.904721927642822
76,254.79306200000002,7.9237768173217775
77,254.804482,7.925137710571289
78,254.81590100000003,7.910943698883057
79,254.827321,7.884402942657471
80,254.83874100000003,7.870403003692627
81,254.85016000000002,7.863646221160889
82,254.86158,7.857083988189697
83,254.87300100000002,7.868653011322022
84,254.884422,7.875264358520508
85,254.89584100000002,7.873319816589356
86,254.907262,7.854994010925293
87,254.91868100000002,7.852612209320067
88,254.930101,7.860292148590088
89,254.94152000000003,7.874875259399414
90,254.96436,7.87156982421875
91,254.97578000000001,7.851931285858154
92,254.9872,7.8398277282714846
93,254.99861900000002,7.810613346099854
94,255.010039,7.774544429779053
95,255.02145800000002,7.77916259765625
96,255.03288,7.768030834197998
97,255.04429800000003,7.757336807250977
98,255.055719,7.739496898651123
99,255.06713900000003,7.725691986083984
100,255.078559,7.682380390167236
101,255.089979,7.637464714050293
102,255.10139900000001,7.5896327018737795
103,255.112819,7.544085693359375
104,255.12423900000002,7.526099872589111
105,255.14707900000002,7.509961318969727
106,255.158499,7.559057426452637
107,255.16991900000002,7.669498634338379
108,255.18134,7.720684719085693
109,255.19275900000002,7.714462947845459
110,255.204179,7.714948844909668
111,255.227021,7.719518375396729
112,255.23844000000003,7.715921115875244
113,255.24986,7.700706195831299
114,255.26128,7.705664348602295
115,255.27269900000002,7.703331184387207
116,255.28412,7.689234447479248
117,255.29554000000002,7.674116802215576
118,255.306961,7.656811428070067
119,255.318383,7.63765926361084
120,255.34125400000002,7.604118537902832
121,255.35264600000002,7.615590286254883
122,255.364066,7.614132118225098
123,255.37548600000002,7.613840770721436
124,255.386906,7.611896228790283
125,255.39832600000003,7.608979415893555
126,255.409748,7.622833442687988
127,255.42116700000003,7.621617984771729
128,255.432588,7.627742958068848
129,255.44400900000002,7.626187515258789
130,255.455428,7.623465251922608
131,255.46684800000003,7.620451641082764
132,255.478268,7.622736167907715
133,255.489688,7.613694858551026
134,255.50110800000002,7.602271270751953
135,255.52394700000002,7.639701080322266
136,255.535365,7.625020694732666
137,255.546783,7.626090240478516
138,255.55820100000003,7.63061113357544
139,255.569621,7.622541618347168
140,255.58104100000003,7.628423404693604
141,255.592462,7.642957878112793
142,255.60388200000003,7.63381929397583
143,255.61530100000002,7.6296875
144,255.626721,7.650638294219971
145,255.63814200000002,7.679609489440918
146,255.649562,7.674311351776123
147,255.66098200000002,7.659242343902588
148,255.672403,7.65156192779541
149,255.68382400000002,7.640721988677979
150,255.706668,7.646020126342774
151,255.71808800000002,7.6449024200439455
152,255.72951,7.644416046142578
153,255.74092900000002,7.644270133972168
154,255.752348,7.627499771118164
155,255.763766,7.622250270843506
156,255.77518400000002,7.61486120223999
157,255.78660100000002,7.603632640838623
158,255.79802,7.608396244049072
159,255.80944000000002,7.621180725097656
160,255.82086,7.62555570602417
161,255.832279,7.623562526702881
162,255.8437,7.614423942565918
163,255.85512100000003,7.596292209625244
164,255.866541,7.59420223236084
165,255.88938100000001,7.594590854644776
166,255.900801,7.596049499511719
167,255.91222100000002,7.609805774688721
168,255.923642,7.620403003692627
169,255.93506200000002,7.635666561126709
170,255.946483,7.657005977630615
171,255.95790300000002,7.67742223739624
172,255.96932500000003,7.676206779479981
173,255.98082200000002,7.670519542694092
174,255.99216700000002,7.667748641967774
175,256.00358900000003,7.669741821289063
176,256.015009,7.661283683776856
177,256.026429,7.657200527191162
178,256.03785000000005,7.643249702453613
179,256.04927,7.637076091766358
180,256.072111,7.649520111083984
181,256.08353,7.652582359313965
182,256.09495100000004,7.649714660644531
183,256.106372,7.652242374420166
184,256.117793,7.656568717956543
185,256.12921200000005,7.646749210357666
186,256.140633,7.641548347473145
187,256.152052,7.645388317108154
188,256.163472,7.637222003936768
189,256.174893,7.624097061157227
190,256.18631400000004,7.604556274414063
191,256.197736,7.591479969024658
192,256.209156,7.592792701721192
193,256.22057600000005,7.585987281799317
194,256.231997,7.58102912902832
195,256.254838,7.567077827453613
196,256.266258,7.566931915283203
197,256.27767900000003,7.5562865257263185
198,256.2891,7.565181922912598
199,256.300618,7.569605541229248
200,256.31194200000004,7.563189220428467
201,256.323362,7.540488433837891
202,256.334782,7.543842506408692
203,256.346202,7.548411560058594
204,256.357622,7.549092483520508
205,256.36904300000003,7.533099842071533
206,256.380463,7.514530849456787
207,256.391883,7.512634944915772
208,256.40330400000005,7.517107200622559
209,256.414724,7.521141719818115
210,256.437567,7.506801795959473
211,256.448987,7.493920040130615
212,256.46040700000003,7.48006649017334
213,256.471827,7.479726028442383
214,256.483248,7.478121948242188
215,256.49466900000004,7.481038761138916
216,256.506088,7.493871402740479
217,256.517508,7.488330078125
218,256.528929,7.491489601135254
219,256.540349,7.477490139007568
220,256.55177000000003,7.477830123901367
221,256.563191,7.480163764953613
222,256.574611,7.465337467193604
223,256.58603200000005,7.446622562408447
224,256.597452,7.437921714782715
225,256.62029500000006,7.437046718597412
226,256.631715,7.42990083694458
227,256.643136,7.412839126586914
228,256.654556,7.415658187866211
229,256.665977,7.428637218475342
230,256.67739700000004,7.429512214660645
231,256.688819,7.4081236839294435
232,256.700239,7.390332412719727
233,256.71166000000005,7.376576137542725
234,256.72308,7.348722648620606
235,256.734501,7.331855010986328
236,256.745922,7.316591453552246
237,256.757342,7.28577299118042
238,256.76876300000004,7.276828479766846
239,256.780182,7.282224369049072
240,256.80302,7.252718162536621
241,256.814438,7.22734375
242,256.82585700000004,7.221024703979492
243,256.83728,7.207899761199951
244,256.848701,7.199490261077881
245,256.86012100000005,7.196330738067627
246,256.871542,7.193317127227783
247,256.882962,7.182768535614014
248,256.894383,7.188844871520996
249,256.905803,7.185053539276123
250,256.91722300000004,7.18344898223877
251,256.928643,7.175671768188477
252,256.940063,7.154429149627686
253,256.95148400000005,7.131047916412354
254,256.962904,7.126283836364746
255,256.985744,7.147477817535401
256,256.997164,7.146554183959961
257,257.00858600000004,7.139651966094971
258,257.020005,7.138728332519531
259,257.031427,7.144901466369629
260,257.04284700000005,7.141887855529785
261,257.054268,7.132991981506348
262,257.065689,7.134012889862061
263,257.077108,7.138582420349121
264,257.088528,7.121374320983887
265,257.09994900000004,7.111214828491211
266,257.111369,7.118797969818115
267,257.122789,7.1063539505004885
268,257.13420900000006,7.104847145080567
269,257.145629,7.102562618255615
270,257.168471,7.097944450378418
271,257.179891,7.098527622222901
272,257.19131300000004,7.103048515319824
273,257.202734,7.118652534484864
274,257.214154,7.120839786529541
275,257.22557400000005,7.13051290512085
276,257.236994,7.129006099700928
277,257.248414,7.127207469940186
278,257.259835,7.10893030166626
279,257.271254,7.094639015197754
280,257.28267500000004,7.091139030456543
281,257.294096,7.083847713470459
282,257.305517,7.065132808685303
283,257.31693900000005,7.059202384948731
284,257.32836,7.046175193786621
285,257.35120400000005,7.026731204986572
286,257.362625,7.017008972167969
287,257.374046,7.013023090362549
288,257.385468,7.0011622428894045
289,257.396889,6.99450273513794
290,257.40831000000003,6.989836406707764
291,257.41973,6.976711463928223
292,257.431151,6.9585315704345705
293,257.44257200000004,6.958288383483887
294,257.453994,6.960184288024903
295,257.465415,6.944386196136475
296,257.47683700000005,6.939573955535889
297,257.488258,6.927907180786133
298,257.499679,6.912546825408936
299,257.51110100000005,6.91050500869751
300,257.533945,6.907102298736572
301,257.545365,6.894463729858399
302,257.556785,6.880464267730713
303,257.56820500000003,6.865395259857178
304,257.579627,6.86704797744751
305,257.591049,6.884984683990479
306,257.60247200000003,6.883137893676758
307,257.613893,6.875117015838623
308,257.625314,6.87822790145874
309,257.63673600000004,6.869283866882324
310,257.648157,6.865541172027588
311,257.659578,6.874485206604004
312,257.670997,6.883964252471924
313,257.682415,6.905400943756104
314,257.69383500000004,6.934518527984619
315,257.716677,7.006266307830811
316,257.72809700000005,7.030960273742676
317,257.739518,7.042334747314453
318,257.750939,7.052834701538086
319,257.762359,7.063480091094971
320,257.773782,7.104263973236084
321,257.785202,7.14028377532959
322,257.796623,7.17990083694458
323,257.808044,7.231281471252442
324,257.81946500000004,7.273668956756592
325,257.830887,7.288397979736328
326,257.842307,7.302980613708496
327,257.85372800000005,7.325730037689209
328,257.86514999999997,7.351298999786377
329,257.876571,7.361944389343262
330,257.899415,7.358104419708252
331,257.910835,7.364180278778076
332,257.922256,7.380172920227051
333,257.933677,7.400735092163086
334,257.94509800000003,7.407054615020752
335,257.967941,7.401707363128662
336,257.97936100000004,7.405304622650147
337,257.990783,7.428199481964111
338,258.002204,7.450802993774414
339,258.01362500000005,7.478267860412598
340,258.025046,7.487795066833496
341,258.036467,7.493580055236817
342,258.047888,7.5155031204223635
343,258.059309,7.540488433837891
344,258.07073,7.571063709259033
345,258.093573,7.646166038513184
346,258.10499300000004,7.67713041305542
347,258.116414,7.694581699371338
348,258.127835,7.722143363952637
349,258.13925700000004,7.747274589538574
350,258.150679,7.769343566894531
351,258.162099,7.791120719909668
352,258.17352300000005,7.812897872924805
353,258.184944,7.827043247222901
354,258.196365,7.817078304290772
355,258.207786,7.8071619987487795
356,258.219207,7.801863384246826
357,258.230627,7.810613346099854
358,258.242049,7.799238395690918
359,258.25347,7.779697132110596
360,258.276312,7.777801704406738
361,258.287732,7.781982135772705
362,258.29915400000004,7.783974838256836
363,258.310576,7.803030204772949
364,258.321997,7.815182399749756
365,258.33341800000005,7.816251945495606
366,258.34484,7.809883785247803
367,258.356261,7.791995716094971
368,258.367682,7.783877563476563
369,258.379103,7.7976829528808596
370,258.390524,7.815376949310303
371,258.401945,7.817953300476074
372,258.413367,7.81834192276001
373,258.42478900000003,7.818974208831787
374,258.43621,7.812751960754395
375,258.45905300000004,7.837494564056397
376,258.470476,7.849500846862793
377,258.481896,7.842452716827393
378,258.49331700000005,7.821161460876465
379,258.504738,7.828939151763916
380,258.516159,7.845174503326416
381,258.52758100000005,7.842160892486572
382,258.539002,7.850667667388916
383,258.550424,7.856598091125488
384,258.561845,7.859223079681397
385,258.573266,7.853341293334961
386,258.58468700000003,7.84862585067749
387,258.59611,7.842695426940918
388,258.60753,7.84570951461792
389,258.61895200000004,7.858202171325684
390,258.641795,7.873319816589356
391,258.65321600000004,7.864327144622803
392,258.664639,7.857473087310791
393,258.676059,7.843862247467041
394,258.687478,7.8628684997558596
395,258.698899,7.864083957672119
396,258.71032,7.886882019042969
397,258.72183900000005,7.874923896789551
398,258.733164,7.8417236328125
399,258.74458500000003,7.8112937927246096
400,258.756007,7.813092422485352
401,258.767428,7.811001968383789
402,258.77884900000004,7.815522861480713
403,258.790271,7.820189189910889
404,258.801692,7.808474254608154
405,258.824536,7.791509342193604
406,258.835956,7.791266632080078
407,258.84737700000005,7.784898471832276
408,258.8588,7.786843013763428
409,258.870221,7.789419364929199
410,258.881642,7.777753067016602
411,258.893063,7.77610034942627
412,258.904485,7.769246292114258
413,258.915908,7.746788215637207
414,258.927329,7.723698806762695
415,258.938751,7.7215110778808596
416,258.950173,7.715775203704834
417,258.961594,7.709212970733643
418,258.97301400000003,7.692977142333984
419,258.984436,7.681797218322754
420,259.00727800000004,7.677810859680176
421,259.018699,7.675380420684815
422,259.030121,7.651221466064453
423,259.04154300000005,7.614180755615234
424,259.052965,7.579910945892334
425,259.064386,7.575341415405274
426,259.07580700000005,7.575584602355957
427,259.087229,7.563626480102539
428,259.098651,7.539807987213135
429,259.110073,7.522940349578858
430,259.121495,7.519197177886963
431,259.132916,7.505100440979004
432,259.144337,7.499753189086914
433,259.155758,7.508259963989258
434,259.16717900000003,7.526197147369385
435,259.190024,7.5380579948425295
436,259.20144400000004,7.548508834838867
437,259.212866,7.549189281463623
438,259.224287,7.5380579948425295
439,259.23571000000004,7.543842506408692
440,259.247132,7.542432498931885
441,259.258554,7.530572128295899
442,259.26997600000004,7.544377040863037
443,259.281397,7.555994701385498
444,259.292819,7.557307434082031
445,259.30424200000004,7.561390590667725
446,259.315663,7.558619689941406
447,259.327085,7.5589601516723635
448,259.33850600000005,7.549967479705811
449,259.349928,7.547779750823975
450,259.372768,7.555557441711426
451,259.384188,7.537717533111572
452,259.39560900000004,7.541217517852783
453,259.40703,7.548460197448731
454,259.41845,7.540439796447754
455,259.42987100000005,7.537085723876953
456,259.44129,7.542967510223389
457,259.452711,7.557890605926514
458,259.464131,7.556237888336182
459,259.47555,7.551960182189942
460,259.48697100000004,7.558085155487061
461,259.498392,7.564501476287842
462,259.509811,7.56683464050293
463,259.521231,7.565571022033692
464,259.532651,7.578792762756348
465,259.555492,7.613451671600342
466,259.56691,7.624874782562256
467,259.57833100000005,7.6241456985473635
468,259.589751,7.628909778594971
469,259.601171,7.634645652770996
470,259.612587,7.6350829124450685
471,259.624012,7.625166606903076
472,259.63543100000004,7.610680770874024
473,259.646852,7.597313117980957
474,259.658272,7.593327236175537
475,259.66969200000005,7.607472610473633
476,259.681113,7.6095630645751955
477,259.692532,7.607958984375
478,259.703952,7.620159816741943
479,259.715372,7.611313056945801
480,259.738212,7.590119075775147
481,259.749633,7.582535934448242
482,259.761053,7.584917736053467
483,259.772473,7.572133255004883
484,259.78389300000003,7.565133285522461
485,259.795313,7.555460166931152
486,259.806734,7.554487895965576
487,259.81815500000005,7.573688697814942
488,259.829575,7.57675142288208
489,259.840995,7.56284875869751
490,259.852414,7.537037086486817
491,259.863835,7.540925693511963
492,259.87525500000004,7.542967510223389
493,259.886675,7.542529773712158
494,259.898095,7.53698844909668
495,259.920935,7.533245277404785
496,259.93235500000003,7.52794713973999
497,259.943777,7.535821628570557
498,259.955196,7.532224845886231
499,259.96661600000004,7.527606678009033
500,259.978037,7.531349849700928
501,259.989458,7.528822135925293
502,260.00087900000005,7.524835777282715
503,260.012299,7.526294422149658
504,260.02372,7.5217735290527346
505,260.03514,7.52658576965332
506,260.04656,7.541606140136719
507,260.05798000000004,7.535724353790283
508,260.0694,7.544474315643311
509,260.080821,7.545981121063233
510,260.103661,7.516232204437256
511,260.11508100000003,7.521141719818115
512,260.126503,7.5217735290527346
513,260.137925,7.522551250457764
514,260.14934700000003,7.523766708374024
515,260.160769,7.529939842224121
516,260.172191,7.521044445037842
517,260.18361300000004,7.5035449981689455
518,260.195036,7.502232265472412
519,260.206459,7.507919979095459
520,260.21788200000003,7.494065952301026
521,260.229304,7.481427383422852
522,260.240726,7.466698837280274
523,260.25214900000003,7.463538837432861
524,260.263572,7.482399654388428
525,260.286418,7.508308601379395
526,260.29784,7.492121410369873
527,260.309262,7.488864612579346
528,260.320685,7.492364597320557
529,260.332107,7.471754264831543
530,260.343529,7.466261100769043
531,260.354951,7.468837451934815
532,260.366374,7.455810260772705
533,260.377796,7.44030351638794
534,260.389218,7.430484485626221
535,260.40064,7.42285270690918
536,260.412063,7.438699436187744
537,260.423485,7.468254280090332
538,260.434906,7.489496421813965
539,260.446329,7.5065099716186525
540,260.469174,7.523718070983887
541,260.480595,7.536550712585449
542,260.49201800000003,7.531398487091065
543,260.50344,7.524301242828369
544,260.514864,7.52323169708252
545,260.526286,7.523960781097412
546,260.537707,7.522940349578858
547,260.549129,7.516620826721192
548,260.56055200000003,7.516523551940918
549,260.571976,7.509329509735108
550,260.583398,7.502232265472412
551,260.59481900000003,7.488815975189209
552,260.60624,7.475740146636963
553,260.617661,7.45697660446167
554,260.62908300000004,7.425526332855225
555,260.651927,7.3782774925231935
556,260.66334800000004,7.34391040802002
557,260.67477,7.32402868270874
558,260.686192,7.276828479766846
559,260.69761300000005,7.213003826141358
560,260.709036,7.143881034851074
561,260.720456,7.047973823547364
562,260.73187800000005,6.978558731079102
563,260.7433,6.914053630828858
564,260.754721,6.792528820037842
565,260.76614400000005,6.630706977844239
566,260.777565,6.415170860290528
567,260.788987,6.13867826461792
568,260.800408,5.795638751983643
569,260.81183,5.394461822509766
570,260.834674,4.493624877929688
571,260.846095,4.055261325836182
572,260.85751700000003,3.665653657913208
573,260.86894,3.300691080093384
574,260.880362,2.9313051223754885
575,260.89178400000003,2.601147127151489
576,260.903205,2.3234393119812013
577,260.914627,2.071299982070923
578,260.92604800000004,1.825091314315796
579,260.93747,1.5861255645751955
580,260.948892,1.38181848526001
581,260.96031300000004,1.195837211608887
582,260.971735,1.0017382621765138
583,260.983156,0.8108474731445314
584,260.99457800000005,0.6346852302551271
