time,weight
0.236904,0.3437881052494049
0.248315,0.35535724759101867
0.259728,0.3578363537788391
0.271139,0.37096099853515624
0.28255,0.3817037522792816
0.293962,0.39633532166481017
0.305374,0.41923053860664367
0.316786,0.42049439549446105
0.328198,0.4077100038528442
0.339609,0.4155847907066345
0.351021,0.43969528675079345
0.362433,0.4710972189903259
0.373844,0.48859675526618956
0.385254,0.49535350799560546
0.396663,0.5085267901420594
0.419487,0.5928648591041565
0.4309,0.6523632884025574
0.442313,0.7028688669204712
0.453727,0.7505550861358643
0.46514,0.8212823748588562
0.476552,0.8891416668891907
0.487964,0.9883543133735657
0.499376,1.1190175890922547
0.510789,1.2422433972358704
0.5222,1.3695039629936219
0.533612,1.5201457619667054
0.545025,1.6625726103782654
0.556439,1.822255837917328
0.567851,2.006973135471344
0.579262,2.1623787760734556
0.602086,2.5639445662498472
0.613498,2.788424718379974
0.62491,3.0224323153495787
0.636322,3.343451726436615
0.647736,3.6791024088859556
0.659148,3.904652106761932
0.67056,4.059473979473114
0.681972,4.141235816478729
0.693384,4.1476526141166685
0.704796,4.1401662707328795
0.716208,4.1655406832695006
0.727619,4.204623210430145
0.739031,4.262420165538788
0.750443,4.343209731578827
0.761855,4.424922931194305
0.78468,4.593404757976532
0.796092,4.655965316295624
0.807504,4.715512263774872
0.818918,4.774524676799774
0.830331,4.82964848279953
0.841742,4.86761234998703
0.853154,4.933090198040008
0.864567,4.996963489055633
0.87598,5.009942042827606
0.887393,5.0125183939933775
0.898807,5.0209765315055845
0.91022,5.036871898174286
0.921634,5.068711268901825
0.933047,5.096564757823944
0.944458,5.112800586223602
0.967284,5.158153522014618
0.978696,5.189263808727264
0.990107,5.206277358531952
1.001516,5.234373557567596
1.012928,5.2680115580558775
1.024341,5.282594668865204
1.035752,5.282400119304657
1.047164,5.310253608226776
1.058577,5.324301707744598
1.069989,5.351328837871551
1.081394,5.384626853466034
1.092816,5.407473075389862
1.104229,5.429931151866913
1.115643,5.462985503673553
1.127055,5.503088939189911
1.149881,5.597148883342743
1.161292,5.637689578533172
1.172704,5.674972999095917
1.184116,5.657668101787567
1.195528,5.670695292949676
1.206941,5.6741466403007506
1.218354,5.674243915081024
1.229765,5.693298804759979
1.241178,5.71881912946701
1.25259,5.748471248149872
1.264002,5.769178855419159
1.275414,5.7670888781547545
1.286827,5.760040271282196
1.29824,5.782643783092499
1.309652,5.814094531536102
1.332477,5.848412978649139
1.343889,5.838885295391083
1.3553,5.819976317882538
1.366712,5.822212207317352
1.378125,5.8342676043510435
1.389536,5.847440707683563
1.400949,5.834364879131317
1.412362,5.832857596874237
1.423773,5.826100814342499
1.435185,5.824059474468231
1.446596,5.8108863711357115
1.458007,5.81628178358078
1.469418,5.831399428844452
1.48083,5.850211608409881
1.492241,5.850746142864227
1.515064,5.8282885432243345
1.526474,5.805685031414032
1.537886,5.797810065746307
1.549297,5.788963305950165
1.560709,5.785171496868133
1.572121,5.789741027355194
1.583531,5.804275023937225
1.594944,5.81628178358078
1.606355,5.818372237682342
1.617766,5.839031207561493
1.629178,5.865571963787079
1.64059,5.880349624156952
1.652001,5.913744437694549
1.663413,5.957396018505096
1.674825,6.00644348859787
1.697648,6.098413455486297
1.709059,6.142794120311737
1.720471,6.206958758831024
1.731883,6.281186091899872
1.743295,6.359204757213592
1.754707,6.418168532848358
1.766119,6.451515185832977
1.777531,6.500805366039276
1.788944,6.548151481151581
1.800355,6.5830531001091
1.811769,6.625878322124481
1.823181,6.670648086071014
1.834593,6.69825838804245
1.846005,6.710070598125458
1.857417,6.756638991832733
1.880241,6.836407649517059
1.891653,6.892649161815643
1.903065,6.94456433057785
1.914478,7.014222133159637
1.92589,7.064825046062469
1.937302,7.121844279766083
1.948714,7.184551227092743
1.960126,7.248375880718231
1.971538,7.31020735502243
1.982951,7.3838515162467955
1.994362,7.452731597423553
2.005773,7.525160300731659
2.017185,7.58835266828537
2.028598,7.633948791027069
2.04001,7.675704944133758
2.062835,7.707495677471161
2.074247,7.695099818706512
2.08566,7.6903848528862
2.097072,7.6831421732902525
2.108485,7.698259818553924
2.119897,7.73398779630661
2.131309,7.7730703234672545
2.142722,7.816478717327118
2.154133,7.8538598895072935
2.165546,7.874470221996307
2.176959,7.90776823759079
2.18837,7.929399478435516
2.199781,7.952780711650848
2.211193,7.96376656293869
2.222605,7.9730996966362
2.245429,8.079312312602998
2.25684,8.090054500102998
2.268252,8.084561336040498
2.279664,8.10317896604538
2.291075,8.128699290752412
2.302488,8.14138697385788
2.313898,8.163990008831025
2.32531,8.180906283855439
2.336723,8.194176661968232
2.348136,8.21653746366501
2.359548,8.24652956724167
2.37096,8.264612185955048
2.382372,8.276132571697236
2.393784,8.286778438091279
2.405196,8.296112048625947
2.428021,8.37699888944626
2.439432,8.426531779766083
2.450842,8.44830893278122
2.462252,8.463038432598115
2.473662,8.48087786436081
2.485073,8.477231967449189
2.496483,8.476211535930634
2.507893,8.501828181743623
2.519306,8.52997397184372
2.530718,8.54071615934372
2.54213,8.540959346294404
2.553542,8.553647029399873
2.564954,8.553403842449189
2.576367,8.57022284269333
2.587779,8.60342310667038
2.610605,8.61747168302536
2.622018,8.631131160259248
2.633429,8.62558935880661
2.644841,8.638957011699677
2.656253,8.666470515727998
2.667665,8.692865359783173
2.679078,8.703996646404267
2.690489,8.733891475200654
2.701901,8.77399538755417
2.713314,8.761210429668427
2.724726,8.751975047588349
2.736138,8.753676402568818
2.747551,8.771613109111787
2.758964,8.805251109600068
2.770376,8.845889079570771
2.793201,8.853132236003876
2.804613,8.885068881511689
2.816026,8.898776042461396
2.827437,8.9026651263237
2.838849,8.90018652677536
2.850261,8.90436648130417
2.861674,8.927261340618134
2.873087,8.946803081035615
2.884499,8.974510180950166
2.895912,9.033522593975068
2.907324,9.07401465177536
2.918736,9.08091734647751
2.930148,9.067938792705537
2.94156,9.086070048809052
2.952973,9.144790637493134
2.975797,9.219552981853486
2.987209,9.252899158000947
2.998623,9.290863025188447
3.010035,9.321973788738251
3.021448,9.326834666728974
3.03286,9.329410541057587
3.044273,9.360764491558076
3.055685,9.383416163921357
3.0671,9.382395732402802
3.078512,9.387597072124482
3.089925,9.420602786540986
3.101337,9.432804095745087
3.112749,9.470622050762177
3.124161,9.50513552427292
3.135574,9.515829074382783
3.1584,9.48938559293747
3.169813,9.513593661785126
3.181225,9.558314311504365
3.192639,9.59525774717331
3.20405,9.639736163616181
3.215463,9.651499736309052
3.226876,9.686985003948212
3.238289,9.732726085186005
3.249702,9.729129779338837
3.261115,9.747504222393037
3.272527,9.765489566326142
3.28394,9.775940883159638
3.295352,9.770496356487275
3.306764,9.795141208171845
3.318177,9.814293849468232
3.341002,9.853230464458466
3.352413,9.860764491558076
3.363825,9.851966845989228
3.375237,9.843119609355927
3.38665,9.829508769512177
3.398063,9.828925120830537
3.409475,9.820710170269013
3.420888,9.814537036418916
3.432302,9.807634341716767
3.443715,9.817939746379853
3.455129,9.79903029203415
3.466543,9.805592525005341
3.477956,9.812008845806123
3.489369,9.816384303569794
3.500783,9.824064242839814
3.523609,9.802141177654267
3.535021,9.777690875530244
3.546435,9.744441974163056
3.557848,9.748427379131318
3.569261,9.76456640958786
3.580675,9.760871875286103
3.592087,9.752462375164033
3.6035,9.743809688091279
3.614912,9.721837985515595
3.626325,9.693936336040498
3.637738,9.661221492290498
3.64915,9.621167171001435
3.660564,9.584903705120087
3.671977,9.547426211833955
3.68339,9.515781390666962
3.706218,9.471837985515595
3.71763,9.450448977947236
3.729042,9.444032657146455
3.740456,9.442379939556123
3.751869,9.447775828838349
3.763284,9.479080188274384
3.774698,9.509461390972138
3.786112,9.51952360868454
3.797525,9.554182994365693
3.808938,9.602646815776826
3.820351,9.63652800321579
3.831764,9.675950038433076
3.843177,9.69359587430954
3.85459,9.710220324993134
3.866004,9.734621989727021
3.888831,9.737296092510224
3.900245,9.7364692568779
3.911659,9.741039264202119
3.923073,9.736517894268037
3.934486,9.756399142742158
3.9459,9.783620822429658
3.957314,9.803162562847138
3.968726,9.8181342959404
3.98014,9.816432940959931
3.991554,9.776135432720185
4.002967,9.744684207439423
4.01438,9.749690997600556
4.025793,9.779100406169892
4.037206,9.811669337749482
4.048619,9.833834636211396
4.071446,9.880791652202607
4.08286,9.86723040342331
4.094272,9.8995551943779
4.105686,9.939755427837373
4.117099,9.93747137784958
4.128512,9.939075458049775
4.139926,9.95919989347458
4.151339,9.984525668621064
4.162753,9.992059695720673
4.174166,10.000858294963837
4.18558,10.00878142118454
4.196993,10.028905856609345
4.208406,10.032065379619599
4.219819,10.019427287578583
4.231233,10.017580020427705
4.254061,10.04363535642624
4.265474,10.027788150310517
4.276889,10.01641367673874
4.288301,10.01947592496872
4.299715,10.028079974651337
4.311128,10.008247363567353
4.322542,10.003435122966767
4.333956,10.036392199993134
4.34537,10.062592494487763
4.356782,10.075669276714326
4.368195,10.086119639873505
4.379608,10.071391093730927
4.391023,10.06769655942917
4.402436,10.080627429485322
4.413848,10.059287059307099
4.436672,10.045627582073212
4.448084,10.042613971233369
4.459496,10.044169414043427
4.47091,10.038239467144013
4.482322,10.039211261272431
4.493735,10.033961284160615
4.505148,10.026232707500458
4.51656,10.019427287578583
4.527973,10.010385501384736
4.539385,9.99439333677292
4.550798,9.985205638408662
4.56221,9.990406978130341
4.573622,9.990844714641572
4.585036,9.976067531108857
4.596448,9.952686297893525
4.619275,9.934505450725556
4.630688,9.920603740215302
4.642101,9.927603709697724
4.653514,9.933144557476044
4.664927,9.919145572185517
4.676339,9.88390349149704
4.687752,9.855272281169892
4.699165,9.834466922283173
4.710578,9.812689769268037
4.721992,9.800050723552705
4.733404,9.784933078289033
4.744817,9.762865054607392
4.75623,9.749690997600556
4.767643,9.72251890897751
4.779055,9.704240787029267
4.801882,9.721935260295869
4.813294,9.726844775676728
4.824706,9.72251890897751
4.836119,9.713185298442841
4.847533,9.724025714397431
4.858945,9.735740649700166
4.870357,9.735643374919892
4.881771,9.730977046489716
4.893184,9.71012305021286
4.904596,9.705942142009736
4.91601,9.697290408611298
4.927423,9.696171748638154
4.938836,9.696560847759248
4.950248,9.694373118877412
4.961662,9.717851626873017
4.984488,9.710074412822724
4.995902,9.692089068889619
5.007316,9.672401416301728
5.018728,9.666179645061494
5.030142,9.661999690532685
5.041556,9.650916087627412
5.052969,9.646201121807099
5.064382,9.628847110271455
5.075795,9.601237285137177
5.08721,9.59812639951706
5.098623,9.599000918865205
5.110037,9.600361812114716
5.121451,9.591320979595185
5.132864,9.562252032756806
5.144277,9.574695575237275
5.167104,9.622528064250947
5.178517,9.62218760251999
5.18993,9.622576701641083
5.201343,9.622868525981904
5.212755,9.60089682340622
5.224168,9.578536021709443
5.235583,9.577710139751435
5.246995,9.591029155254365
5.258407,9.608237254619599
5.26982,9.609938609600068
5.281233,9.61912535429001
5.292648,9.594285953044892
5.304062,9.549612987041474
5.315475,9.556807506084443
5.326888,9.601965892314912
5.349716,9.610034930706025
5.36113,9.610326755046845
5.372542,9.618930804729462
5.383956,9.628944385051728
5.395368,9.641388881206513
5.406782,9.661124217510224
5.418205,9.668124186992646
5.429609,9.660929667949677
5.441022,9.665402400493623
5.452434,9.66024969816208
5.463847,9.639201152324677
5.47526,9.619173991680146
5.486673,9.603084552288056
5.498086,9.59783457517624
5.509499,9.601529109477998
5.532325,9.572168338298798
5.555152,9.543780314922333
5.566564,9.517919528484345
5.577977,9.491038310527802
5.589391,9.46765707731247
5.600804,9.450740802288056
5.612217,9.43693541288376
5.623629,9.412193286418916
5.635042,9.378263461589814
5.646455,9.35916041135788
5.657868,9.365382182598115
5.66928,9.364167201519013
5.680693,9.349924075603486
5.692106,9.335098254680634
5.703518,9.324257838726044
5.726344,9.313953387737275
5.737757,9.311133372783662
5.74917,9.321049678325654
5.760582,9.324355113506318
5.771994,9.309675204753876
5.783407,9.29416846036911
5.79482,9.273023593425751
5.806234,9.249010074138642
5.817646,9.231850612163544
5.829059,9.233989703655244
5.840471,9.237295138835908
5.851885,9.211338031291962
5.863298,9.19855307340622
5.87471,9.191699016094208
5.886123,9.17084597349167
5.908951,9.137547481060029
5.920366,9.1385688662529
5.931781,9.157478320598603
5.943193,9.175998675823212
5.954606,9.16826914548874
5.966019,9.13292979001999
5.977432,9.090105044841767
5.988844,9.08179281949997
6.000258,9.098757731914521
6.01167,9.108674037456513
6.023084,9.114603984355927
6.034497,9.106875407695771
6.045909,9.11931895017624
6.057322,9.123062121868134
6.068734,9.11178492307663
6.091561,9.11455534696579
6.102974,9.10065268278122
6.114387,9.077903735637666
6.125802,9.046890246868134
6.137214,9.01966952085495
6.148627,9.000857341289521
6.160041,8.995120990276337
6.171454,8.994537341594697
6.194282,9.035807597637177
6.205694,9.053792941570283
6.217107,9.061425197124482
6.228521,9.073625552654267
6.239934,9.091271388530732
6.251348,9.10308359861374
6.262763,9.118249881267548
6.28559,9.104055392742158
6.297003,9.133902537822724
6.308417,9.170456874370576
6.319832,9.216878879070283
6.331247,9.248281466960908
6.342661,9.25591276884079
6.354074,9.292078959941865
6.365484,9.324598300457001
6.376897,9.343070018291474
6.388309,9.358528125286103
6.399723,9.365430819988251
6.411137,9.374326694011689
6.42255,9.376125323772431
6.433964,9.365528094768525
6.445377,9.386332499980927
6.468205,9.473539340496064
6.479619,9.504843699932099
6.491032,9.515586841106416
6.502446,9.520155894756318
6.513861,9.516704547405244
6.525273,9.515392291545869
6.536687,9.533328998088837
6.548101,9.530946719646455
6.559515,9.533183085918427
6.570929,9.553842532634736
6.582342,9.55486296415329
6.593755,9.539259898662568
6.605169,9.523023593425751
6.616583,9.54154394865036
6.627997,9.546064364910126
6.650824,9.539939868450166
6.662236,9.524530398845673
6.673649,9.515392291545869
6.685063,9.508975970745087
6.696477,9.499155986309052
6.70789,9.481608378887177
6.719303,9.466442096233369
6.730717,9.437129962444306
6.742131,9.421671855449677
6.753544,9.411318767070771
6.764958,9.411367404460908
6.77637,9.413991916179658
6.787784,9.409617412090302
6.799198,9.401256549358369
6.810612,9.395131099224091
6.833439,9.38657568693161
6.844853,9.41058920621872
6.856266,9.456379878520966
6.86768,9.522051799297333
6.879093,9.599195468425751
6.890508,9.654805171489716
6.90192,9.67142962217331
6.913333,9.693547236919404
6.924746,9.721983897686005
6.936159,9.770642268657685
6.947575,9.794946658611298
6.958989,9.794315326213837
6.970402,9.77773951292038
6.981814,9.774142253398896
6.993227,9.772294986248017
7.016055,9.723831164836884
7.027467,9.703025805950166
7.038881,9.66360377073288
7.050294,9.633368480205537
7.061707,9.610034930706025
7.07312,9.560842502117158
7.084533,9.50848959684372
7.095946,9.438588130474091
7.107359,9.350215899944306
7.118772,9.263496387004853
7.130186,9.161561000347138
7.141599,9.034398066997529
7.153013,8.900671947002412
7.164426,8.748718249797822
7.17584,8.581451404094697
7.198667,8.14065741300583
7.210081,7.943739402294159
7.221494,7.770493972301483
7.232909,7.60332487821579
7.244321,7.407621371746063
7.255734,7.185620296001434
7.26723,6.931439864635467
7.278562,6.636183726787567
7.289975,6.308845031261444
7.301389,5.930272090435028
7.312802,5.505859363079071
7.324216,5.060593593120575
7.335631,4.608716475963592
7.347046,4.169575202465057
7.35846,3.7469618201255797
7.381289,2.9834959387779234
7.392702,2.640310513973236
7.404116,2.3160343050956724
7.415528,2.04634712934494
7.426942,1.8420400500297547
7.438355,1.6734611868858338
7.449769,1.496910321712494
7.461183,1.3334355235099793
7.472596,1.1561068177223206
7.48401,0.9995832324028016
7.495424,0.9008080840110779
7.506838,0.836740243434906
7.518251,0.7986788630485535
7.529665,0.7487078785896302
7.541078,0.6762792944908143
7.563906,0.5714765071868897
7.575318,0.5199987173080445
7.586733,0.4596252918243408
7.598147,0.39648114442825316
7.609561,0.35496835708618163
7.620975,0.3060668885707855
7.63239,0.2563876390457153
7.643804,0.2143887460231781
7.655219,0.19212545752525328
7.666632,0.18298681378364562
7.678046,0.1589249476790428
7.68946,0.15143904387950896
7.700874,0.15226540267467498
7.712288,0.13379366993904113
7.723702,0.12329395413398743
7.74653,0.1059888482093811
7.757943,0.0827533632516861
7.769357,0.06797597110271454
7.780773,0.07448968589305878
7.792187,0.07585077285766602
7.8036,0.08260752558708191
7.815013,0.08980179131031037
7.826427,0.08343389928340912
7.83784,0.07876736223697663
7.849255,0.0848435789346695
7.860668,0.09213505983352661
7.872082,0.08800322115421295
7.883496,0.07881596982479096
7.894909,0.08285057842731476
7.906324,0.08110063076019287
7.929152,0.08562134504318238
7.940566,0.09563497006893158
7.95198,0.08416304290294647
7.963394,0.08085757791996002
7.974809,0.08090618550777436
7.986222,0.07575354278087616
7.997637,0.0838713824748993
8.009051,0.08547550737857819
8.020465,0.08202421963214875
8.043293,0.06987175643444062
8.054707,0.061559471487998965
8.066121,0.061899739503860476
8.077536,0.06637184619903565
8.08895,0.06433023810386658
8.100364,0.06627463102340699
8.123194,0.05718459486961365
8.134608,0.06126782596111298
8.146021,0.057962346076965335
8.157435,0.05067088007926941
8.168851,0.04639321863651276
8.180264,0.05480271875858307
8.191678,0.048045951128005984
8.203092,0.05310136377811432
8.214506,0.0640385776758194
8.225921,0.07128143608570099
8.237334,0.06885095238685608
8.248748,0.07026063203811646
8.260162,0.06651768386363983
8.271576,0.057622078061103824
8.282991,0.05922620296478272
8.305817,0.06714961230754853
8.317229,0.08148950636386872
8.328641,0.08144089877605439
8.340052,0.06914261281490326
8.351506,0.06311498880386353
8.362877,0.06112198829650879
8.374291,0.05961507856845856
8.385706,0.05660127401351929
8.39712,0.0614622563123703
8.408533,0.062385845184326175
8.419948,0.05922620296478272
8.431361,0.05737904012203217
8.442775,0.058497059345245364
8.45419,0.054997149109840396
8.465605,0.06141364872455597
8.488435,0.05674711167812348
8.499849,0.05893454253673554
8.511264,0.06287193596363068
8.522678,0.05801096856594086
8.534091,0.061851131916046145
8.545506,0.07171893417835236
8.55692,0.07235086262226105
8.568333,0.0659829705953598
8.579747,0.05421939790248871
8.591161,0.054365220665931704
8.602575,0.0645246833562851
8.613988,0.07283695340156555
8.625401,0.06398997008800507
8.636816,0.05397634506225586
8.648229,0.0513028085231781
8.671057,0.06224002242088318
8.68247,0.0680732011795044
8.693883,0.06418441534042359
8.705296,0.05635822117328644
8.716709,0.06136504113674164
8.728122,0.06705238223075867
8.739537,0.05621239840984345
8.75095,0.06044145226478577
8.762363,0.06962870359420777
8.773777,0.07011480927467346
8.785191,0.06224002242088318
8.796604,0.05392773747444153
8.808017,0.05543464720249176
8.819431,0.0604900598526001
8.830845,0.0696773111820221
8.853673,0.061559471487998965
8.865088,0.05893454253673554
8.876501,0.06063589751720429
8.887914,0.055872130393981936
8.899328,0.05708737969398499
8.910741,0.0629205584526062
8.922155,0.06977454125881195
8.93357,0.06700377464294434
8.944984,0.06326082646846772
8.956399,0.06418441534042359
8.967812,0.0564554512500763
8.979226,0.0538791298866272
8.99064,0.057622078061103824
9.002054,0.05927481055259705
9.013468,0.06010118424892426
9.036296,0.05752486288547516
9.047709,0.06437884569168091
9.059124,0.06729543507099152
9.070537,0.04459464848041535
9.081951,0.03905313014984131
9.093365,0.047802898287773135
9.104779,0.051059755682945254
9.116193,0.0533930242061615
9.127607,0.0453237920999527
9.139021,0.05402495265007019
9.150435,0.051448631286621097
9.161848,0.04342802166938782
9.173263,0.037935110926628116
9.184678,0.039733666181564334
9.196091,0.03749761283397675
9.21892,0.04201832711696625
9.230335,0.054365220665931704
9.241751,0.06593436300754547
9.253168,0.05310136377811432
9.264582,0.051886129379272464
9.275996,0.054413828253746035
9.28741,0.05237222015857697
9.298824,0.06360109448432923
9.310238,0.05927481055259705
9.321652,0.054413828253746035
9.333065,0.0538791298866272
9.34448,0.05397634506225586
9.355896,0.056066575646400454
9.36731,0.05451105833053589
9.378724,0.05008755922317505
9.401552,0.047511237859725955
9.412965,0.050865310430526736
9.424379,0.05208055973052979
9.435807,0.05329580903053284
9.447208,0.06778154075145722
9.458622,0.06044145226478577
9.470037,0.05417079031467438
9.481452,0.057622078061103824
9.492866,0.05543464720249176
9.504282,0.05801096856594086
9.515696,0.04979589879512787
9.52711,0.04731680750846863
9.538525,0.05295554101467133
9.549939,0.05708737969398499
9.561354,0.05334441661834717
9.584183,0.04969868361949921
9.595597,0.04328218400478363
9.607012,0.046976524591445926
9.618426,0.04498352408409119
9.629842,0.037060129642486575
9.641257,0.04615016579627991
9.652671,0.04872648715972901
9.664088,0.0432335764169693
9.675504,0.06141364872455597
9.68692,0.05737904012203217
9.698336,0.058302614092826846
9.709749,0.06569131016731262
9.721164,0.06350386440753937
9.732578,0.054997149109840396
9.743992,0.044789093732833865
9.766821,0.04615016579627991
9.778235,0.05125420093536377
9.789649,0.06131643354892731
9.801064,0.06778154075145722
9.812478,0.0737119346857071
9.823893,0.06277472078800202
9.835307,0.06126782596111298
9.846721,0.052566665410995486
9.858135,0.05300414860248566
9.86955,0.05723320245742798
9.88102,0.07429525554180146
9.89238,0.06889955997467041
9.903796,0.06539964973926544
9.915211,0.05703877210617066
9.926625,0.071135613322258
9.949456,0.06923982799053192
9.960869,0.07278834581375122
9.972283,0.06700377464294434
9.983698,0.07050368487834931
9.995112,0.08596161305904389
10.006527,0.08654491901397705
10.017942,0.08197559714317322
10.029355,0.07390637993812561
10.040769,0.0630663812160492
10.052185,0.06262889802455902
10.063599,0.08139229118824005
10.075013,0.0872740775346756
10.086427,0.08401722013950348
10.097841,0.08508663177490235
10.109255,0.09028788208961487
10.132085,0.08664214909076691
10.143501,0.09164895415306092
10.154915,0.09373918473720551
10.166329,0.09918347299098969
10.177743,0.10652356147766114
10.189157,0.10559997260570526
10.200572,0.10623190104961396
10.211986,0.11532193720340729
10.2234,0.12251618802547455
10.234814,0.12339116930961609
10.246228,0.12154399156570435
10.257643,0.13496031165122985
10.269057,0.16072351038455962
10.280471,0.16660531163215636
10.291885,0.18011883199214934
10.314714,0.24778370857238768
10.326125,0.3068932473659515
10.337537,0.3915229320526123
10.348949,0.5467340826988221
10.360361,0.8188519358634949
10.371773,1.203404176235199
10.383185,1.7745696187019349
10.394598,2.5476603388786314
10.406012,3.2842447638511656
10.417427,3.9246792674064634
10.428841,4.3754382014274595
10.440255,4.580960261821747
10.451669,4.812489020824432
10.463083,5.201707828044891
10.474498,5.662626254558563
10.497327,6.375829684734344
10.508741,6.659273135662079
10.520156,6.833004939556122
10.53157,6.878406512737274
10.542985,6.905141818523407
10.554399,6.970230567455292
10.565814,7.064095962047577
10.577228,7.145322787761688
10.588642,7.208758819103241
10.600056,7.2587294459342955
10.61147,7.2807984232902525
10.622884,7.333491790294647
10.6343,7.446218001842499
10.645715,7.620872962474823
10.657129,7.794167029857635
10.679959,8.054471957683564
10.691374,8.134678828716279
10.70279,8.148872363567353
10.714206,8.145712840557099
10.72562,8.16282366514206
10.737034,8.198842990398408
10.748448,8.244147288799287
10.759863,8.310548770427705
10.771277,8.374762523174287
10.782692,8.399553287029267
10.794106,8.409810054302216
10.80552,8.420018184185029
10.816934,8.42978857755661
10.828348,8.446510303020478
10.839762,8.479322421550751
10.862591,8.492398250102998
10.874004,8.481849658489228
10.885418,8.495023715496064
10.896832,8.517043101787568
10.908247,8.54037665128708
10.919661,8.562639224529267
10.931075,8.569979655742646
10.942489,8.552674281597138
10.953902,8.51315497159958
10.965317,8.492641437053681
10.976731,8.470864284038544
10.988145,8.463864314556123
10.999559,8.459877955913544
11.010973,8.450934398174287
11.022387,8.413455951213837
11.045216,8.331305491924287
11.056629,8.294848430156708
11.068043,8.270688998699189
11.079457,8.270008075237275
11.090872,8.297472941875458
11.102287,8.302625644207001
11.1137,8.264709460735322
11.125114,8.24132822751999
11.136528,8.214592921733857
11.147943,8.181246745586396
11.159359,8.16559408903122
11.170774,8.165011394023896
11.182188,8.14965056180954
11.193603,8.131130206584931
11.205017,8.13040064573288
11.227846,8.114893901348115
11.239259,8.11095713376999
11.250674,8.119900691509248
11.262087,8.118442523479462
11.273501,8.106776225566865
11.284917,8.094672191143037
11.29633,8.091512668132783
11.307745,8.068909633159638
11.319159,8.061958301067353
11.330573,8.073430049419404
11.341986,8.078874576091767
11.353401,8.074208247661591
11.364815,8.055736529827119
11.376229,8.03935478925705
11.387643,8.035611617565156
11.410461,8.032209384441376
11.421887,8.03935478925705
11.433301,8.052139270305634
11.444715,8.032938468456269
11.456129,7.985009181499481
11.467542,7.960412490367889
11.478957,7.921184527873993
11.49037,7.890219676494598
11.501785,7.881275641918182
11.513199,7.880789744853973
11.524615,7.886039245128631
11.536028,7.903587806224823
11.547442,7.920114982128143
11.558856,7.924878585338592
11.570271,7.9160804629325865
11.5931,7.9204068064689634
11.604515,7.925656306743622
11.61593,7.9459266543388365
11.627343,7.98520325422287
11.638758,8.018306720256806
11.650171,8.036535251140595
11.661585,8.044166553020478
11.672999,8.037653434276582
11.684412,8.039014327526093
11.695826,8.041396129131318
11.707242,8.032987105846406
11.718658,8.0404243350029
11.730073,8.052478778362275
11.741487,8.06200693845749
11.752902,8.076297748088837
11.775731,8.062540996074677
11.787145,8.056854236125947
11.798559,8.060354220867158
11.809973,8.090103137493134
11.821387,8.121262538433076
11.832801,8.160295474529267
11.844215,8.202099788188935
11.85563,8.243515956401826
11.867045,8.261793124675751
11.878458,8.271368968486787
11.889872,8.283133494853974
11.901287,8.313854205608369
11.912702,8.338645923137666
11.924116,8.346471774578095
11.935531,8.346812236309052
11.958361,8.372623431682587
11.969775,8.369853007793427
11.981189,8.366255748271943
11.992604,8.379137027263642
12.004018,8.40237330198288
12.015433,8.411170947551728
12.026847,8.413893687725068
12.038261,8.418073642253876
12.049676,8.416323649883271
12.06109,8.420553195476533
12.072504,8.440823543071748
12.083919,8.472079265117646
12.095334,8.485884654521943
12.106748,8.484426486492158
12.118163,8.48423193693161
12.140993,8.466392505168916
12.152407,8.46435068845749
12.163822,8.467218387126923
12.175237,8.474850642681123
12.186651,8.482725131511689
12.198064,8.484766948223115
12.209479,8.460218417644501
12.220894,8.432559955120087
12.232308,8.42380999326706
12.243723,8.41569231748581
12.255137,8.416080462932587
12.266551,8.402470576763154
12.277965,8.38603972196579
12.289378,8.369707095623017
12.300792,8.368638026714326
12.323621,8.292222964763642
12.335036,8.239578235149384
12.34645,8.201760280132294
12.357865,8.191649425029755
12.36928,8.172545421123505
12.380693,8.13851832151413
12.392109,8.104443538188935
12.403525,8.076540935039521
12.414939,8.047375667095185
12.426353,8.011501300334931
12.437768,7.958662497997284
12.449182,7.894983756542206
12.460597,7.841999042034149
12.472012,7.8065624117851256
12.483426,7.776473033428192
12.506256,7.742737758159637
12.51767,7.754112231731415
12.529085,7.766216266155243
12.540498,7.765827167034149
12.551912,7.756494033336639
12.563327,7.746480453014374
12.574741,7.737341868877411
12.586155,7.740501391887665
12.597569,7.747793185710907
12.608984,7.760529029369354
12.620399,7.769862163066864
12.631813,7.774771678447723
12.643228,7.761549460887909
12.654641,7.754841315746307
12.666055,7.760480391979217
12.688883,7.794604289531708
12.700296,7.799513804912567
12.71171,7.780799376964569
12.723124,7.760480391979217
12.734538,7.7437100291252134
12.745954,7.744730460643768
12.75737,7.781625735759735
12.768784,7.818763244152069
12.780198,7.827561843395233
12.791613,7.846957194805145
12.803027,7.8326172709465025
12.814442,7.8322768092155455
12.825856,7.8337840914726256
12.83727,7.844915378093719
12.848684,7.855415332317352
12.871512,7.817840087413788
12.882926,7.805055606365204
12.89434,7.81293009519577
12.905754,7.831693637371063
12.917169,7.852595794200897
12.928583,7.850311267375946
12.939998,7.833978164196014
12.951413,7.81798552274704
12.962827,7.794993388652801
12.974242,7.768112170696258
12.985656,7.754452693462372
12.99707,7.76548718214035
13.008484,7.771903502941131
13.019899,7.785902965068817
13.031314,7.7823548197746275
13.054144,7.768500792980194
13.065558,7.755376327037811
13.076975,7.748959529399872
13.088389,7.750612246990204
13.099803,7.744925010204315
13.111218,7.719113337993622
13.122634,7.701808440685272
13.134049,7.71624516248703
13.145462,7.725141036510467
13.156876,7.7539663195610045
13.168291,7.757806766033172
13.179706,7.744973647594452
13.19112,7.750077712535858
13.202534,7.746626365184784
13.213949,7.740015494823456
13.236778,7.784979808330536
13.248193,7.790229308605194
13.259608,7.79518746137619
13.271025,7.793729293346405
13.282439,7.802770602703094
13.293853,7.8045692324638365
13.305267,7.803451526165008
13.316679,7.817791450023651
13.328092,7.824256408214569
13.339504,7.831304538249969
13.350916,7.846082198619842
13.362327,7.8880324244499205
13.373741,7.910198676586151
13.385155,7.951857078075409
13.39657,7.979807841777801
13.419399,8.036049354076386
13.430813,8.066089618206025
13.442227,8.07780455350876
13.45364,8.07027052640915
13.465054,8.087332713603974
13.476468,8.101477611064912
13.487883,8.102061259746552
13.499297,8.112366664409638
13.510711,8.128358829021455
13.522126,8.140997874736787
13.53354,8.144206035137177
13.544954,8.146879184246064
13.556368,8.16224001646042
13.567782,8.183191287517548
13.579196,8.186058986186982
13.602024,8.233599650859833
13.613438,8.240745532512666
13.624853,8.249106395244599
13.636268,8.263591754436494
13.647684,8.27132033109665
13.659099,8.251828181743623
13.670514,8.23092554807663
13.681928,8.230099666118623
13.693342,8.226842868328095
13.704756,8.233307826519013
13.716171,8.245800006389619
13.727585,8.264417636394501
13.738999,8.28318213224411
13.750414,8.294556605815888
13.761828,8.305493342876435
13.784657,8.308458316326142
13.796071,8.326833713054658
13.807485,8.335971820354462
13.818899,8.31793783903122
13.830313,8.304229724407197
13.841728,8.28245257139206
13.853141,8.281285274028779
13.864555,8.299757945537568
13.875969,8.329944598674775
13.887383,8.351332652568818
13.898798,8.361735332012177
13.910211,8.371554362773896
13.921625,8.378359782695771
13.933041,8.39979647397995
13.944456,8.44495486021042
13.967286,8.466586101055146
13.9787,8.436593997478486
13.990114,8.397706019878388
14.001529,8.398921954631806
14.012943,8.40990732908249
14.024357,8.436157214641572
14.035772,8.45958708524704
14.047185,8.439073550701142
14.058599,8.401741015911103
14.070013,8.374178874492646
14.081427,8.374032962322236
14.092841,8.392311084270478
14.104254,8.419774997234345
14.11567,8.429108607769013
14.127085,8.414865481853486
14.149915,8.41617773771286
14.16133,8.419434535503388
14.172744,8.425414073467255
14.184159,8.44480894804001
14.195573,8.460364329814912
14.206988,8.468968379497529
14.218403,8.484621036052705
14.229817,8.478544223308564
14.241231,8.439656245708466
14.252646,8.420358645915986
14.264061,8.422740924358369
14.275476,8.420990931987763
14.28689,8.41496275663376
14.298304,8.418657290935517
14.309719,8.414039599895478
14.332549,8.413796412944794
14.344053,8.409955966472626
14.355378,8.414088237285615
14.366793,8.396247851848603
14.378207,8.390997874736787
14.389622,8.387984263896943
14.401036,8.3828315615654
14.412451,8.37962340116501
14.423865,8.372040736675263
14.43528,8.364262568950654
14.446694,8.366985309123994
14.458109,8.360471713542939
14.469524,8.361929881572724
14.480938,8.36951254606247
14.492353,8.367373454570771
14.515183,8.368540751934052
14.526597,8.36168669462204
14.538013,8.353179919719697
14.549427,8.357603061199189
14.560842,8.370242106914521
14.572257,8.364943492412568
14.583672,8.349290835857392
14.595086,8.338062274456025
14.606501,8.337527263164521
14.617915,8.338256824016572
14.629329,8.340881335735322
14.640743,8.33675001859665
14.652157,8.330090510845185
14.663572,8.318035113811494
14.674986,8.317013728618623
14.697816,8.310354220867158
14.709231,8.301653850078583
14.720645,8.299368846416474
14.732061,8.311909663677216
14.743476,8.308458316326142
14.754891,8.285903918743134
14.766305,8.288188922405244
14.777721,8.309722888469697
14.789136,8.328874576091767
14.800551,8.324791896343232
14.811964,8.324937808513642
14.823379,8.320125567913056
14.834794,8.303986537456513
14.846209,8.300194728374482
14.857623,8.314146029949189
14.880454,8.310063350200654
14.891868,8.28843115568161
14.903282,8.274577128887177
14.914697,8.257612216472626
14.926113,8.261501300334931
14.937526,8.283278453350068
14.948941,8.295820224285126
14.960354,8.296889293193818
14.971769,8.287070262432099
14.983185,8.291736590862275
14.9946,8.298444736003876
15.006016,8.292660701274873
15.017431,8.278952586650849
15.028846,8.290910708904267
15.040262,8.317694652080537
15.063093,8.296792018413544
15.074508,8.284008014202119
15.085922,8.283375728130341
15.097336,8.271368968486787
15.10875,8.265001285076142
15.120165,8.264660823345185
15.131579,8.267091739177705
15.142993,8.259264934062958
15.154407,8.244002330303193
15.165822,8.218676555156708
15.177236,8.204482066631318
15.188648,8.212017047405244
15.200059,8.217946994304658
15.211472,8.226259219646455
15.222884,8.240307796001435
15.245709,8.219502437114716
15.257121,8.189169871807099
15.268534,8.179107654094697
15.279946,8.16311548948288
15.29136,8.129526126384736
15.302774,8.111831653118134
15.314189,8.088255870342255
15.325604,8.065943706035615
15.337019,8.043681132793427
15.348434,8.018014895915986
15.359848,7.998571383953094
15.371263,7.963377463817596
15.382679,7.9366907954216
15.394095,7.922691333293915
15.40551,7.9177331805229185
15.428339,7.9024696230888365
15.439754,7.909031856060028
15.451168,7.934163081645965
15.462583,7.933288085460663
15.473997,7.925948131084442
15.485412,7.899941909313202
15.496827,7.871407973766327
15.508241,7.853568065166473
15.519655,7.840589034557342
15.53107,7.819395530223846
15.542485,7.8045692324638365
15.553901,7.793632018566131
15.565316,7.780069816112518
15.57673,7.7627649188041685
15.588144,7.741570937633514
15.610975,7.720280158519745
15.62239,7.708224761486053
15.633805,7.703120696544647
15.645221,7.702682960033417
15.656635,7.6968984484672545
15.66805,7.696023452281952
15.679465,7.69495438337326
15.69088,7.690968024730682
15.702292,7.693253028392792
15.713707,7.693787562847137
15.725123,7.68639897108078
15.736539,7.689023959636688
15.747954,7.699912536144256
15.75937,7.69573210477829
15.770785,7.68090580701828
15.793616,7.693787562847137
15.805031,7.718724238872528
15.816447,7.713766086101532
15.827862,7.702682960033417
15.839277,7.720085608959198
15.850692,7.750612246990204
15.862107,7.772924411296844
15.873576,7.799271094799042
15.884937,7.831256377696991
15.896352,7.844040381908417
15.907767,7.859255301952362
15.919183,7.873546588420868
15.930597,7.88054655790329
15.942012,7.89828919172287
15.953427,7.9334826350212095
15.976258,7.9820923686027525
15.987672,8.004744517803193
15.999087,8.03186892271042
16.010502,8.049805629253388
16.021917,8.074936854839326
16.033332,8.111054408550263
16.044748,8.14877508878708
16.056163,8.20414160490036
16.067578,8.263737666606904
16.078993,8.333784091472626
16.090409,8.406261432170869
16.101825,8.461385715007783
16.11324,8.508050906658173
16.124656,8.564778316020966
16.136071,8.622867572307587
16.158901,8.699670779705048
16.170316,8.722662913799287
16.181731,8.745558726787568
16.193146,8.77734946012497
16.204563,8.809042918682099
16.215977,8.814681041240693
16.227392,8.872478473186494
16.238809,8.932997691631318
16.250225,8.936643588542939
16.261642,8.938490855693818
16.273057,8.924442279338837
16.284473,8.905824649333955
16.295888,8.88336752653122
16.307303,8.877387988567353
16.318719,8.85828493833542
16.341551,8.870144832134248
16.352965,8.88526247739792
16.36438,8.898339259624482
16.375795,8.890998828411103
16.387211,8.88920019865036
16.398627,8.878797519207001
16.410044,8.865429866313935
16.421459,8.83733366727829
16.432873,8.822313296794892
16.444288,8.812202441692353
16.455704,8.806660640239716
16.467118,8.801945674419404
16.478533,8.783863055706025
16.489949,8.757030475139619
16.501366,8.743760097026826
16.524197,8.726503360271455
16.535612,8.69349764585495
16.547027,8.660977351665498
16.558442,8.63370703458786
16.569857,8.607797610759736
16.581273,8.557729709148408
16.592687,8.512911784648896
16.604102,8.48058604001999
16.615518,8.464739787578583
16.626932,8.44830893278122
16.638341,8.432316768169404
16.649765,8.414476382732392
16.66118,8.3828315615654
16.672595,8.363193500041962
16.68401,8.355998980998994
16.70684,8.385845172405244
16.718255,8.416810023784638
16.72967,8.441066730022431
16.741085,8.426483142375947
16.7525,8.40251921415329
16.763915,8.39094923734665
16.775331,8.403150546550751
16.786746,8.411949145793916
16.798161,8.399310100078583
16.809576,8.399553287029267
16.820991,8.40684508085251
16.832406,8.375734317302705
16.843822,8.347978579998017
16.855237,8.33140276670456
16.866653,8.338888156414033
16.889485,8.351478564739228
16.900902,8.350458133220673
16.912317,8.329506862163544
16.923732,8.307146060466767
16.935148,8.28750799894333
16.946563,8.28031347990036
16.957981,8.269813525676728
16.969396,8.2577094912529
16.980811,8.241133677959443
16.992227,8.21162794828415
17.003643,8.168365466594697
17.015058,8.153684604167939
17.026474,8.14979647397995
17.037892,8.155385959148408
17.049308,8.139393794536591
17.072141,8.110130298137666
17.083557,8.101720798015595
17.094973,8.096957194805146
17.106389,8.085631358623505
17.117804,8.044069278240205
17.12922,8.005911338329316
17.140635,7.972127425670624
17.152051,7.954773890972137
17.163465,7.920454967021942
17.17488,7.878456103801727
17.186295,7.8462281107902525
17.19771,7.813611018657684
17.209125,7.7768616557121275
17.22054,7.732383716106415
17.231955,7.703655230998993
17.254785,7.635261523723602
17.266197,7.611393916606903
17.277611,7.5759572863578795
17.289022,7.512181270122528
17.300435,7.433724868297577
17.311847,7.370435225963592
17.32326,7.325616824626922
17.334675,7.2653894305229185
17.346091,7.2011270403862
17.357507,7.105851638317108
17.368921,6.959584701061249
17.380337,6.764222133159637
17.391751,6.543241488933563
17.403166,6.259506213665008
17.41458,5.921278941631317
17.43741,5.1560144305229185
17.448825,4.7513866305351256
17.46024,4.346855628490448
17.471656,3.9500536799430845
17.48307,3.581639754772186
17.494486,3.225475537776947
17.505901,2.8948802828788756
17.517317,2.5731804251670836
17.528732,2.257022130489349
17.540149,1.9462108492851258
17.551565,1.6674336075782776
17.562982,1.4006142497062684
17.574398,1.1754048943519593
17.585813,1.0062913775444031
17.59723,0.8623090863227845
17.620062,0.6408913016319275
17.631477,0.5693862915039063
17.642895,0.5084295749664307
17.65431,0.4573892533779144
17.665727,0.39823110699653624
17.677141,0.3431075692176819
17.688556,0.3120458900928497
17.699972,0.27383856773376464
17.711387,0.24729760289192199
17.722803,0.2150692969560623
17.734218,0.17773695588111876
17.745634,0.14716136753559111
17.757049,0.12868963479995726
17.768465,0.0979196310043335
17.77988,0.08406582772731781
17.802711,0.08912124037742615
17.814125,0.0782326489686966
17.825541,0.06768431067466736
17.836956,0.06569131016731262
17.848372,0.05713598728179932
17.859788,0.04269886314868927
17.871202,0.04192111194133759
17.882617,0.05003895163536072
17.894031,0.055774915218353274
17.905445,0.050476434826850894
17.916859,0.05028200447559357
17.928271,0.051351416110992434
17.939684,0.051691684126853946
17.951096,0.048337611556053164
17.962509,0.03176166415214539
17.985338,0.027046519517898562
17.996752,0.030886667966842654
18.008167,0.017324554920196536
18.019583,0.024470198154449466
18.030998,0.010227519273757937
18.042414,0.01795645356178284
18.053829,0.027532595396041873
18.065244,0.02641459107398987
18.076659,0.02179663181304932
18.088075,0.019852238893508914
18.09949,0.0069220244884490995
18.110906,0.014116305112838748
18.122322,0.011248308420181277
18.133737,0.00808866620063782
18.145153,0.011539983749389651
18.167998,0.022088307142257693
18.1794,0.019366163015365603
18.190815,0.015574592351913455
18.20223,0.023303556442260745
18.213646,0.01747037768363953
18.225061,0.031032520532608035
18.236477,0.03846980929374695
18.247892,0.04172666668891907
18.259308,0.046927917003631595
18.270723,0.04299052357673645
18.282139,0.04172666668891907
18.293556,0.036233755946159366
18.304971,0.032879683375358584
18.316387,0.03142138123512268
18.327804,0.031518596410751346
18.350635,0.026365953683853152
18.36205,0.02135916352272034
18.373465,0.023741024732589724
18.38488,0.029233950376510623
18.396296,0.025345164537429812
18.407712,0.024761843681335452
18.419127,0.023206341266632083
18.430544,0.018831449747085574
18.441958,0.014553773403167727
18.453374,0.018345344066619876
18.464789,0.017324554920196536
18.476205,0.00750534534454346
18.487621,0.00979002118110657
18.499036,0.009741413593292239
18.510451,0.017421770095825198
18.533282,0.008769202232360843
18.544697,0.00419988036155701
18.556113,0.011783021688461306
18.567528,0.014894056320190432
18.578943,0.014991271495819095
18.590358,0.008477556705474856
18.601774,0.019803631305694583
18.61319,0.013727414608001712
18.624606,0.011831629276275638
18.636021,0.0055123448371887235
18.647438,0.006727594137191775
18.658854,0.0040540575981140164
18.670271,0.0014777362346649198
18.681686,0.006435948610305789
18.693102,0.00862337946891785
18.715933,0.01698427200317383
18.727348,0.00808866620063782
18.738763,0.0012833058834075955
18.750179,0.0024499475955963163
18.761593,0.0022068798542022733
18.773008,0.009741413593292239
18.784423,0.008477556705474856
18.795839,0.008720594644546512
18.807254,0.007748413085937503
18.81867,0.001963841915130618
18.830085,0.002401340007781985
18.841502,0.007417869567871091
18.852919,0.001720774173736575
18.864335,0.005609560012817386
18.87575,0.0020707666873931857
18.89858,0.003373521566390994
18.909995,0.00011666417121887485
18.921411,0.004442948102951053
18.932826,0.0006513774394989041
18.944242,0.002012449502944949
18.955656,0.014359343051910403
18.967072,0.01523430943489075
18.978487,0.006387341022491458
18.989902,0.010723334550857541
19.001318,0.0024110496044158908
19.012732,0.0015749514102935819
19.024147,0.009741413593292239
19.035561,0.011442738771438601
19.046976,0.013484376668930056
19.058392,0.007456737756729129
19.081222,0.0031790912151336698
19.092637,0.015477377176284793
19.104052,0.01081081032752991
19.115468,0.0055123448371887235
19.126883,0.002751302719116208
19.138299,0.010859447717666629
19.149714,0.005220699310302737
19.161129,0.002459657192230222
19.172545,0.0008555471897125216
19.18396,0.0024985551834106473
19.195377,0.002984631061553958
19.206791,0.002459657192230222
19.218207,0.002897155284881589
19.229622,0.015185701847076419
19.241037,0.02296327352523804
19.263868,0.011442738771438601
19.275282,0.012463557720184329
19.286696,0.0024985551834106473
19.298112,0.005609560012817386
19.309527,0.010616379976272586
19.320942,0.002936023473739627
19.332356,0.001672166585922244
19.343771,0.0008944153785705594
19.355186,0.00022361874580383023
19.3666,0.0008458077907562284
19.378015,0.00454987287521362
19.38943,0.0004083096981048612
19.400844,0.0011374831199646024
19.412259,0.0010499775409698459
19.423674,0.005220699310302737
19.446504,0.004540163278579715
19.457919,0.00294576287269592
19.469333,0.004005450010299685
19.480748,0.007310914993286136
19.492162,0.01309548616409302
19.503577,0.004588770866394046
19.514993,0.009060877561569217
19.526407,0.01868562698364258
19.537822,0.02184523940086365
19.549237,0.01421352028846741
19.560654,0.006241488456726077
19.57207,0.017859238386154178
19.583485,0.01917170286178589
19.5949,0.020095306634902957
19.606315,0.01858838200569153
19.629146,0.019998091459274295
19.640562,0.03390048742294312
19.651977,0.02466462850570679
19.663392,0.01849116683006287
19.674807,0.027046519517898562
19.686222,0.03181027173995972
19.697639,0.02578266263008118
19.709054,0.020970273017883304
19.720469,0.024227130413055423
19.731885,0.020484167337417605
19.743301,0.02024112939834595
19.754718,0.019220310449600223
19.766134,0.027483987808227542
19.777549,0.013581591844558719
19.788965,0.0069220244884490995
19.811796,0.01960920095443726
19.823212,0.018199521303176883
19.834627,0.01858838200569153
19.846039,0.02583127021789551
19.857455,0.016012060642242434
19.868869,0.01469959616661072
19.880282,0.022623020410537723
19.891697,0.027483987808227542
19.903111,0.033803272247314456
19.914526,0.030595022439956668
19.925942,0.025393772125244143
19.937358,0.03506712913513184
19.948774,0.03744900524616242
19.960189,0.025490987300872806
19.971605,0.026997882127761844
19.994438,0.02743538022041321
20.005853,0.021164703369140628
20.017266,0.017081487178802493
20.02868,0.009935843944549563
20.040092,0.02135916352272034
20.051508,0.027824270725250247
20.062924,0.025004881620407107
20.07434,0.02685205936431885
20.085757,0.023303556442260745
20.097172,0.022234129905700686
20.108588,0.028407591581344607
20.120003,0.022282737493515017
20.131419,0.01960920095443726
20.142835,0.028164523839950564
20.154251,0.028845059871673587
20.177084,0.036233755946159366
20.1885,0.047754290699958804
20.199916,0.044157165288925174
20.211333,0.0559693455696106
20.22275,0.06102477312088013
20.234166,0.054997149109840396
20.245581,0.07128143608570099
20.256998,0.08255891799926758
20.268413,0.09480859637260437
20.27983,0.11405808031558991
20.291245,0.14001572430133818
20.302661,0.20175020694732665
20.314077,0.3271635353565216
20.325492,0.5148460745811463
20.336908,0.9081967949867249
20.35974,2.526174771785736
20.371155,3.5489253878593443
20.382571,4.5718703150749205
20.393987,5.295038688182831
20.405404,5.5771217226982115
20.41682,5.695923793315887
20.428235,5.953118312358856
20.43965,6.255374419689178
20.451066,6.554324615001678
20.462481,6.882586944103241
20.473897,7.172107207775116
20.485311,7.345352160930633
20.496726,7.390121924877167
20.508142,7.36819885969162
20.519557,7.35609530210495
20.542389,7.497112262248993
20.553804,7.654510962963104
20.565219,7.809819209575653
20.576634,7.979710566997528
20.58805,8.130595195293427
20.599466,8.27681349515915
20.610881,8.423858630657197
20.622296,8.544605243206025
20.633712,8.649359691143037
20.645128,8.752411830425263
20.656544,8.826833713054658
20.667959,8.868152606487275
20.679375,8.867423045635224
20.69079,8.859402644634248
20.702206,8.860471713542939
20.725038,8.970816600322724
20.736453,9.007322299480439
20.747869,9.031141269207001
20.759284,9.032793986797333
20.770701,9.024530398845673
20.782128,9.024092662334443
20.793533,9.0168008685112
20.804949,9.025648105144501
20.816364,9.07586191892624
20.82778,9.152956950664521
20.839195,9.200205790996552
20.85061,9.219358432292939
20.862025,9.227087008953095
20.87344,9.228350627422333
20.884856,9.228934276103974
20.907686,9.233941066265107
20.919102,9.215663897991181
20.930516,9.209004390239716
20.941931,9.197727191448212
20.953347,9.177505481243134
20.964763,9.176435458660126
20.976179,9.165595996379853
20.987594,9.154609668254853
20.99901,9.146054255962373
21.010426,9.140318858623505
21.021841,9.136916148662568
21.033257,9.130208003520966
21.044672,9.124471652507783
21.056087,9.128944385051728
21.067502,9.15801237821579
21.090334,9.18815039396286
21.101749,9.200011241436005
21.113165,9.216587054729462
21.124581,9.2450723528862
21.135996,9.256642329692841
21.147411,9.233795154094697
21.158826,9.21979616880417
21.170241,9.212407100200654
21.181656,9.249301898479462
21.193072,9.297522532939912
21.204487,9.325036036968232
21.215902,9.337965953350068
21.227317,9.324646937847138
21.238732,9.292661654949189
21.250147,9.26126002073288
21.27298,9.246482837200166
21.284395,9.264516818523408
21.295811,9.268065440654755
21.307226,9.267627704143525
21.318641,9.264127719402314
21.330056,9.24993418455124
21.341472,9.23909376859665
21.352887,9.238558757305146
21.364304,9.240843760967255
21.375719,9.243274676799775
21.387134,9.245607364177705
21.39855,9.237441051006318
21.409966,9.235156047344208
21.421381,9.253239619731904
21.432796,9.256447780132294
21.455627,9.243031489849091
21.467042,9.22854517698288
21.478457,9.210705745220185
21.489874,9.198942172527314
21.501288,9.189560878276826
21.512704,9.17162321805954
21.52412,9.1602973818779
21.535535,9.15451239347458
21.54695,9.150526988506318
21.558366,9.16306780576706
21.569781,9.172693240642548
21.581196,9.175560939311982
21.592611,9.194567668437958
21.604027,9.229663836956025
21.615442,9.250516879558564
21.638275,9.245315539836884
21.649691,9.25532912015915
21.661108,9.276669490337373
21.672525,9.306418406963349
21.683942,9.33641051054001
21.695356,9.34754275083542
21.706772,9.330042827129365
21.718187,9.32688330411911
21.729603,9.329313266277314
21.741019,9.333007800579072
21.752434,9.36207674741745
21.763849,9.401547420024873
21.775265,9.418172824382783
21.78668,9.429304111003876
21.798095,9.425950038433076
21.820926,9.381617534160615
21.832341,9.3756875872612
21.843757,9.366111743450166
21.855172,9.369319903850556
21.866588,9.376076686382294
21.878005,9.382298457622529
21.889419,9.376270282268525
21.900834,9.365528094768525
21.912249,9.329702365398408
21.923664,9.278273570537568
21.935079,9.25314234495163
21.946493,9.256107318401337
21.957908,9.243662822246552
21.969323,9.237635600566865
21.980738,9.255038249492646
22.003572,9.288433063030244
22.014987,9.290765750408173
22.026402,9.289307582378388
22.037818,9.294363009929658
22.049232,9.285807597637177
22.060649,9.276474940776826
22.072063,9.29689120054245
22.083478,9.325327861309052
22.094893,9.344042766094208
22.106308,9.370486247539521
22.117722,9.403832423686982
22.129137,9.434359538555146
22.140552,9.439123141765595
22.151967,9.436352717876435
22.163383,9.440678584575654
22.186214,9.461192119121552
22.197628,9.466393458843232
22.209042,9.47008799314499
22.220458,9.473830211162568
22.231873,9.488462436199189
22.243287,9.519280421733857
22.254703,9.54139803647995
22.266117,9.539891231060029
22.277533,9.506593692302705
22.288948,9.48141382932663
22.300362,9.491184222698212
22.311777,9.518795001506806
22.323192,9.522731769084931
22.334608,9.490552890300751
22.346025,9.47042750120163
22.368857,9.469990718364716
22.380272,9.48155974149704
22.391686,9.487684237957001
22.4031,9.49152468442917
22.414515,9.467170703411103
22.425929,9.46517847776413
22.437344,9.463379848003388
22.44876,9.454873073101044
22.460175,9.433290469646455
22.47159,9.401353824138642
22.483005,9.396881091594697
22.494422,9.383853900432587
22.505839,9.368541705608369
22.517255,9.364895808696748
22.528671,9.364603984355927
22.551502,9.367229449748994
22.562917,9.381229388713837
22.574332,9.367229449748994
22.585745,9.353034961223603
22.59716,9.354590404033662
22.608575,9.34540365934372
22.61999,9.347930896282197
22.631406,9.347833621501923
22.642822,9.368638980388642
22.654237,9.390027034282685
22.665652,9.396152484416962
22.677067,9.389978396892548
22.688482,9.375347125530244
22.699897,9.381812083721162
22.711313,9.400235164165498
22.734144,9.439706790447236
22.745558,9.456525790691376
22.756975,9.453366267681123
22.76839,9.44884489774704
22.779804,9.437616336345673
22.79122,9.436984050273896
22.802635,9.439317691326142
22.81405,9.45083807706833
22.825467,9.443401324748994
22.836881,9.411755549907685
22.848295,9.410491931438447
22.859711,9.424443233013154
22.871126,9.420213687419892
22.882542,9.3995551943779
22.893958,9.376756656169892
22.91679,9.36669443845749
22.928204,9.368298518657685
22.93962,9.385749804973603
22.951036,9.368541705608369
22.962451,9.344479548931123
22.973866,9.336167323589326
22.985281,9.314487445354462
22.996697,9.31254290342331
23.008112,9.311182010173798
23.019528,9.312348353862763
23.030942,9.305106151103974
23.042358,9.30194662809372
23.053772,9.313758838176728
23.065188,9.328925120830537
23.076602,9.32352923154831
23.099434,9.285078990459443
23.110849,9.251003253459931
23.122264,9.231219279766083
23.133679,9.223392474651337
23.145095,9.23695467710495
23.156509,9.270300853252412
23.167925,9.288676249980927
23.179341,9.275259959697724
23.190755,9.262475001811982
23.20217,9.254114139080048
23.213585,9.246045100688935
23.225,9.251295077800751
23.236415,9.24808691740036
23.247831,9.234913814067841
23.259246,9.224511134624482
23.282078,9.224511134624482
23.293493,9.238558757305146
23.304908,9.25868319272995
23.316323,9.251926410198212
23.327738,9.223587024211884
23.339154,9.189657199382783
23.350568,9.167443263530732
23.361984,9.167637813091279
23.373399,9.18999766111374
23.384815,9.218969333171845
23.39622,9.235545146465302
23.407646,9.251051890850068
23.419061,9.25848959684372
23.430476,9.271030414104462
23.441891,9.272391307353974
23.464723,9.256593692302705
23.476137,9.25761412382126
23.487551,9.256107318401337
23.498966,9.247600543498994
23.510381,9.2254829287529
23.521797,9.198893535137177
23.533212,9.190824496746064
23.544626,9.180616366863251
23.556041,9.16000555753708
23.567456,9.118978488445283
23.57887,9.0623969912529
23.590285,9.025015819072724
23.6017,9.005718219280244
23.613116,8.987538325786591
23.624532,8.98360060453415
23.647364,8.975969302654267
23.65878,8.995656001567841
23.670195,9.006981837749482
23.681611,8.999155986309052
23.693027,8.99244784116745
23.704442,8.98588560819626
23.727273,8.947872149944306
23.738688,8.948942172527314
23.750103,8.946608531475068
23.761518,8.947289454936982
23.772933,8.964982974529267
23.78435,8.98160742521286
23.795764,8.989676463603974
23.80718,8.997843730449677
23.818595,8.983114230632783
23.841428,8.930470454692841
23.852844,8.910880076885224
23.86426,8.887936580181123
23.875675,8.866645801067353
23.88709,8.846812236309052
23.898505,8.81745241880417
23.909921,8.816382396221162
23.921336,8.820417392253876
23.932751,8.812883365154267
23.944167,8.820855128765107
23.955582,8.838597285747529
23.966998,8.82892416715622
23.978415,8.820563304424287
23.98983,8.825180995464326
24.001246,8.827757823467255
24.024077,8.85123633146286
24.035493,8.862562167644501
24.046907,8.861249911785126
24.058322,8.859499919414521
24.069738,8.859110820293427
24.081153,8.856728541851044
24.092568,8.84025000333786
24.103985,8.820709216594697
24.115399,8.809917438030244
24.126814,8.785272586345673
24.138229,8.75547503232956
24.149644,8.693108546733857
24.161059,8.61732577085495
24.172475,8.526084887981416
24.18389,8.46221159696579
24.206722,8.391289699077607
24.218136,8.38312338590622
24.229553,8.378797519207001
24.240968,8.356874454021455
24.252383,8.350603091716767
24.263798,8.362755763530732
24.275214,8.349582660198212
24.286631,8.342048633098603
24.298046,8.335874545574189
24.309462,8.340686786174775
24.320877,8.353374469280244
24.332292,8.365527141094208
24.343707,8.388811099529267
24.355122,8.419726359844208
24.366538,8.446316707134248
24.38937,8.455308902263642
24.400785,8.450788486003876
24.4122,8.438003528118134
24.423618,8.441018092632294
24.435033,8.427504527568818
24.446449,8.411170947551728
24.457864,8.409324634075166
24.469279,8.388567912578583
24.480696,8.367373454570771
24.492111,8.332374560832978
24.503526,8.311132419109345
24.514941,8.316236484050751
24.526356,8.327319133281708
24.537771,8.337867724895478
24.549186,8.332034099102021
24.572015,8.354200351238251
24.583428,8.37257479429245
24.594843,8.375346171855927
24.606259,8.381762492656708
24.617675,8.391484248638154
24.629091,8.417636859416962
24.640507,8.426629054546357
24.651922,8.425997722148896
24.663338,8.431441295146943
24.674755,8.415497767925263
24.686169,8.397900569438935
24.697585,8.386817920207978
24.709001,8.368638026714326
24.720416,8.361783969402314
24.731832,8.345839488506318
24.754664,8.298105227947236
24.766078,8.281771647930146
24.777494,8.265536296367646
24.788909,8.269424426555634
24.800325,8.270105350017548
24.811739,8.258244502544404
24.823154,8.242252337932587
24.834569,8.235398280620576
24.845985,8.214787471294404
24.857401,8.20584295988083
24.868817,8.204968440532685
24.880231,8.215953814983369
24.891647,8.221836078166962
24.903063,8.207058894634248
24.914478,8.201322543621064
24.93731,8.234036433696748
24.948725,8.264758098125458
24.96014,8.297424304485322
24.971556,8.330867755413056
24.982973,8.347881305217744
24.994391,8.354443538188935
25.005807,8.380693423748017
25.017223,8.405824649333955
25.02864,8.42658041715622
25.040057,8.44553850889206
25.051474,8.476599681377412
25.062891,8.499495494365693
25.074307,8.509606349468232
25.085723,8.498863208293916
25.09714,8.489092814922333
25.119973,8.526425349712373
25.131389,8.556660640239716
25.142805,8.565653789043427
25.154221,8.561229693889619
25.165637,8.5731391787529
25.177053,8.577028262615205
25.188469,8.585923182964326
25.199885,8.625200259685517
25.211301,8.658789622783662
25.222718,8.677504527568818
25.234135,8.691309916973115
25.245553,8.704045283794404
25.25697,8.716100680828095
25.268386,8.726454722881318
25.279803,8.742300975322724
25.302636,8.771224009990693
25.314053,8.782695758342744
25.325468,8.803549754619599
25.336884,8.832618701457978
25.3483,8.874423015117646
25.359716,8.903054225444794
25.371132,8.907234179973603
25.382548,8.905873286724091
25.393962,8.903928744792939
25.405379,8.901401507854462
25.416796,8.936740863323212
25.428211,8.985010135173798
25.439627,9.026085841655732
25.451043,9.062591540813447
25.46246,9.089278209209443
25.485294,9.156797397136689
25.49671,9.189269053936005
25.508127,9.224024760723115
25.519543,9.265391337871552
25.53096,9.305640208721162
25.542378,9.319153773784638
25.553797,9.321779239177705
25.565217,9.36120127439499
25.576634,9.364264476299287
25.588051,9.366063106060029
25.599468,9.378749835491181
25.610884,9.395277011394501
25.622302,9.41102694272995
25.633719,9.421040523052216
25.645135,9.441310870647431
25.667968,9.470476138591767
25.679384,9.474024760723115
25.702219,9.491476047039033
25.713635,9.504454600811005
25.725051,9.52700995206833
25.736468,9.560842502117158
25.747885,9.575279223918916
25.759302,9.584126460552216
25.770718,9.592146861553193
25.782134,9.60595225095749
25.79355,9.620291697978974
25.804964,9.635555255413056
25.816378,9.62841032743454
25.827792,9.613826739788056
25.839206,9.62004851102829
25.862035,9.656798350811005
25.87345,9.658985126018525
25.884864,9.664867389202119
25.896277,9.671089160442353
25.907691,9.661951053142548
25.919104,9.65446470975876
25.930518,9.636333453655244
25.941934,9.610959041118623
25.95335,9.60089682340622
25.964766,9.602111804485322
25.976182,9.593215930461884
25.987599,9.588695514202119
25.999015,9.609744060039521
26.010432,9.598175036907197
26.021848,9.577029216289521
26.044681,9.527058589458466
26.056096,9.526280391216279
26.067513,9.552627551555634
26.07893,9.55194662809372
26.090347,9.526815402507783
26.101763,9.503239619731904
26.11318,9.47373389005661
26.124597,9.44519900083542
26.136014,9.431637752056123
26.147431,9.417102801799775
26.158848,9.409228312969208
26.170265,9.403491961956025
26.181681,9.382347095012666
26.193098,9.347250926494599
26.204514,9.326542842388154
26.227348,9.342632281780244
26.238764,9.35843085050583
26.250181,9.360034930706025
26.261598,9.354250895977021
26.273019,9.350069987773896
26.284435,9.351139056682587
26.295852,9.351625430583955
26.30727,9.347153651714326
26.318686,9.350361812114716
26.330104,9.351041781902314
26.341521,9.35352133512497
26.352938,9.368395793437958
26.364354,9.368930804729462
26.375771,9.351917254924775
26.387188,9.347591388225556
26.410022,9.334029185771943
26.421439,9.34525774717331
26.432856,9.344237315654755
26.444273,9.3178901553154
26.455689,9.300147998332978
26.467106,9.292904841899873
26.478522,9.298543918132783
26.489938,9.313223826885224
26.501357,9.302480685710908
26.512774,9.28055762052536
26.524192,9.270544040203095
26.535608,9.25255869626999
26.547025,9.233212459087373
26.558444,9.222517955303193
26.569862,9.194519031047822
26.592697,9.087430942058564
26.604113,9.015245425701142
26.61553,8.95866392850876
26.626947,8.911317813396455
26.638403,8.876027095317841
26.649782,8.851721751689912
26.661198,8.800390231609345
26.672616,8.759995448589326
26.684031,8.715857493877412
26.695445,8.669532763957978
26.70686,8.628894793987275
26.718274,8.588597285747529
26.729688,8.56993101835251
26.741102,8.557729709148408
26.752518,8.543487536907197
26.775352,8.498377788066865
26.786769,8.46206568479538
26.798186,8.426483142375947
26.809604,8.416615474224091
26.82102,8.433726298809052
26.832438,8.444177615642548
26.843856,8.451614367961884
26.855272,8.449378955364228
26.866689,8.43669127225876
26.878106,8.430907237529755
26.889523,8.41802500486374
26.900941,8.408011424541474
26.912359,8.384047496318818
26.923776,8.368735301494599
26.935193,8.332763659954072
26.958027,8.2904243350029
26.969445,8.257904040813447
26.980862,8.228981959819794
26.992278,8.207982051372529
27.003696,8.176239955425263
27.015113,8.142845141887666
27.02653,8.130497920513154
27.037948,8.117276179790498
27.049365,8.08621405363083
27.060781,8.05437468290329
27.072198,8.02190397977829
27.083615,8.000466811656953
27.095033,7.957447040081024
27.10645,7.9081082224845884
27.117866,7.886962878704071
27.140701,7.8146800875663756
27.152118,7.782257544994354